date,race_id,race_name,race_grade,pred1_name,pred1_num,pred1_prob,pred2_name,pred2_num,pred2_prob,pred3_name,pred3_num,pred3_prob,actual1_name,actual1_num,actual2_name,actual2_num,actual3_name,actual3_num,fukusho_hit,umaren_hit,umaren_payout,wide_hit,wide_payout,sanrenpuku_hit,sanrenpuku_payout,bet_total,return_total,shadow_bet_total,shadow_return_total,shadow_type,shadow_note
2026-04-04,202654040401,C3ー6,1勝以下,スタークルージング,4,100.0,リライトヒストリー,3,94.8,ナバロン,5,71.8,リライトヒストリー,3,ナバロン,5,スタークルージング,4,True,True,1480,True,570,True,0,0,0,,,,
2026-04-04,202654040402,C3ー5,1勝以下,イルクオーレ,6,89.9,スリーローズマリー,3,87.2,リワードエレイン,1,73.7,リワードエレイン,1,イルクオーレ,6,サイモングリット,9,True,True,470,True,310,False,0,0,0,,,,
2026-04-04,202654040403,C3ー4,1勝以下,レモンシフォン,1,95.0,ブリックバーン,4,77.8,スーパーキティ,3,77.2,レモンシフォン,1,スーパーキティ,3,ココリハクタク,8,True,True,510,True,190,False,0,0,0,,,,
2026-04-04,202655040401,パッカルくんのおとしもの賞(3歳),1勝以下,イッテルビウム,5,99.2,ピンクサウスポー,7,98.9,ポップサンダー,2,77.5,イッテルビウム,5,ポップサンダー,2,オルメア,8,True,True,400,True,230,False,0,0,0,,,,
2026-04-04,202655040402,3歳ー3組,1勝以下,カシノプロスペリテ,8,92.9,ブバルディアローズ,5,91.0,テクノアップル,6,61.5,カシノプロスペリテ,8,テクノアップル,6,アンシーン,9,True,True,1320,True,620,False,0,0,0,,,,
2026-04-04,202655040403,C2ー17組,1勝以下,ハリーフラッグ,3,100.0,ピュアコレクション,2,88.9,ウインクレドール,11,54.9,ハリーフラッグ,3,ウインクレドール,11,ピュアコレクション,2,True,True,610,True,1100,True,0,0,0,,,,
2026-04-04,202655040404,チューリップ特別(B),1勝以下,ケイアイアンタレス,6,100.0,オールスティール,11,86.7,エイシンシュトルム,8,65.4,ケイアイアンタレス,6,エイシンシュトルム,8,オールスティール,11,True,True,370,True,630,True,0,0,0,,,,
2026-04-04,202655040405,C2ー16組,1勝以下,グレースサンライズ,2,97.6,エスプラネード,3,86.2,ケイアイテア,5,77.9,ゴルドヴァッサー,6,バーチャルアイドル,4,エスプラネード,3,False,False,0,False,0,False,0,0,0,,,,
2026-04-04,202655040406,C2ー15組,1勝以下,ジーティーレイナ,2,100.0,ノーブルアイガー,4,96.6,レネガード,10,84.9,ノーブルアイガー,4,アデニウム,7,ジーティーレイナ,2,True,False,0,True,230,False,0,0,0,,,,
2026-04-04,202655040407,C1ー4組,1勝以下,マナマカナ,11,93.1,フランシナテソーロ,7,92.6,テイラーテソーロ,2,86.3,マナマカナ,11,フランシナテソーロ,7,テイラーテソーロ,2,True,True,280,True,500,True,0,0,0,,,,
2026-04-04,202655040408,幸せの日賞(C1),1勝以下,ソルナシエンテ,6,100.0,ポムヴェルト,9,93.3,サンブリンガー,10,81.0,ソルナシエンテ,6,サンブリンガー,10,ポムヴェルト,9,True,True,320,True,490,True,0,0,0,,,,
2026-04-04,202655040409,サガデーナイト競馬賞,1勝以下,メイショウアイク,5,100.0,テイエムダイタカ,1,100.0,ファーストリッキー,6,55.5,メイショウアイク,5,テイエムダイタカ,1,カガカプチーノ,9,True,True,130,True,120,False,0,0,0,,,,
2026-04-04,202655040410,エイプリル特選(C1),1勝以下,アスコットロマン,10,94.4,トライコーン,3,93.5,ヒロニャン,7,91.9,ヒロニャン,7,トライコーン,3,ナッシングオンユー,9,False,True,550,True,280,False,0,0,0,,,,
2026-04-04,202655040411,SAGAリベンジャーズドリーム(C2),1勝以下,モダンレディ,9,98.9,チェリースクワート,4,83.3,ヴィアツァ,6,50.6,モダンレディ,9,キタノヴァルカン,11,エイシンコラソン,3,True,False,0,False,0,False,0,0,0,,,,
2026-04-05,202636040501,2026岩手競馬シーズン開幕(C2),1勝以下,クウェンヤ,5,100.0,アストラヴェロ,8,99.1,アンズビジン,7,75.2,クウェンヤ,5,アンズビジン,7,ショウリュウテン,6,True,True,280,True,160,False,0,0,0,,,,
2026-04-05,202636040502,C2十組,1勝以下,アークエタニティ,1,93.6,トーセンオリジン,2,78.1,ラムセス,8,73.3,ラムセス,8,アークエタニティ,1,ハクアイドリーム,5,True,True,1180,True,470,False,0,0,0,,,,
2026-04-05,202636040503,C2九組,1勝以下,ソランチャン,9,100.0,ビアンカ,6,82.8,カークスマイル,2,34.1,ソランチャン,9,ビアンカ,6,ジーティービート,1,True,True,320,True,160,False,0,0,0,,,,
2026-04-05,202636040504,C2八組,1勝以下,ツワモノ,5,99.0,フォルテッシモダイ,2,98.5,カールルイコ,8,42.6,フォルテッシモダイ,2,ウインドモア,1,スパークルジェム,7,False,False,0,False,0,False,0,0,0,,,,
2026-04-05,202636040505,3歳B1,1勝以下,サンエイウォリアー,5,99.4,メタルレイヴァー,2,73.8,アドレニコル,4,59.9,リアルライン,6,アドレニコル,4,サスケベラ,1,False,False,0,False,0,False,0,0,0,,,,
2026-04-05,202636040506,B2,1勝以下,ダグザ,3,86.5,スマイルジョナス,5,76.3,インディーフィルム,9,68.7,チャルドーニ,2,アースアワー,4,マコトダイトウレン,1,False,False,0,False,0,False,0,0,0,,,,
2026-04-05,202636040507,B2,1勝以下,ソノバシノギ,8,95.0,ファルーク,2,91.7,アバンダンス,6,61.6,ステキナココロ,4,ソノバシノギ,8,プレストエンジェル,3,True,False,0,False,0,False,0,0,0,,,,
2026-04-05,202636040508,B2,1勝以下,カガバベル,1,100.0,ネイチャーミヤビ,6,89.8,レーヌデゼトワール,8,37.4,イイヒ,4,メリア,11,カガバベル,1,True,False,0,False,0,False,0,0,0,,,,
2026-04-05,202636040509,岩手伝統工芸 岩谷堂箪笥賞(B1B2),1勝以下,ファリア,9,91.4,タイセイストラーダ,8,61.5,マチカゼ,5,54.1,スナイチゴールド,4,ワイドカイゼリン,10,タイセイストラーダ,8,False,False,0,False,0,False,0,0,0,,,,
2026-04-05,202636040510,お食事処「山水」賞(B1B2),1勝以下,ティーラミレス,1,81.5,サクラマウ,4,67.6,テンフェリーチェ,11,56.1,テンフェリーチェ,11,ティーラミレス,1,フリーウィーリング,5,True,True,1540,True,710,False,0,0,0,,,,
2026-04-05,202654040501,C2ー8,1勝以下,リワードインペリオ,4,100.0,ゾクゾク,8,79.1,ボールジー,1,68.1,リワードインペリオ,4,ゼンノソブリン,6,ゾクゾク,8,True,False,0,True,150,False,0,0,0,,,,
2026-04-05,202654040502,C2ー7,1勝以下,ポジティビティ,4,38.2,サノノビスケッツ,3,38.0,アルスカー,7,27.5,ダオラダオラ,12,アスキーアート,9,ショットメーカー,10,False,False,0,False,0,False,0,0,0,,,,
2026-04-05,202654040503,C2ー6,1勝以下,ビーム,9,97.7,ジャガーノート,5,97.1,エヌマエリシュ,2,89.4,エヌマエリシュ,2,ビーム,9,ジャガーノート,5,True,True,320,True,700,True,0,0,0,,,,
2026-04-05,202654040504,C2C3混合,1勝以下,ジーティーハッピー,6,99.3,メイショウイヌワシ,1,98.8,ステラマテュティナ,7,89.8,ステラマテュティナ,7,メイショウイヌワシ,1,ジーティーハッピー,6,True,True,710,True,600,True,0,0,0,,,,
2026-04-05,202654040505,C3ー3,1勝以下,デバッグ,4,100.0,ペタルビジュー,6,97.5,フルメタルレディ,9,37.9,デバッグ,4,コールイングミー,8,ノースザワールド,10,True,False,0,False,0,False,0,0,0,,,,
2026-04-05,202654040506,C3ー2,1勝以下,カイザーブリッツ,6,100.0,ハッピービバーク,1,93.0,ダニエルバローズ,5,71.9,ハッピービバーク,1,ダニエルバローズ,5,セリオヴェローチェ,7,False,True,4010,True,1040,False,0,0,0,,,,
2026-04-05,202655040501,WaltzBase杯(C2),1勝以下,イサチルオアシス,1,98.2,サンマルソムニア,2,82.6,マジョレル,10,53.0,イサチルオアシス,1,マジョレル,10,ラブコ,8,True,True,600,True,250,False,0,0,0,,,,
2026-04-05,202655040502,C2ー13組,1勝以下,フーレイ,4,100.0,コスモモアナ,5,88.7,ディスタービア,1,32.6,フーレイ,4,スマートピリカ,10,ディスタービア,1,True,False,0,True,240,False,0,0,0,,,,
2026-04-05,202655040503,C2ー12組,1勝以下,ブレイズボーイ,4,80.8,ユイダイナソー,7,71.6,ホスマニエン,8,70.8,ホスマニエン,8,テイエムファルクス,1,ユイダイナソー,7,False,False,0,True,350,False,0,0,0,,,,
2026-04-05,202655040504,C1ー6組,1勝以下,ロトエンペラー,5,99.4,テンペストヒロイン,4,99.4,ロトファイター,1,92.5,ロトエンペラー,5,テンペストヒロイン,4,セプトラム,6,True,True,260,True,170,False,0,0,0,,,,
2026-04-05,202655040505,長崎街道常盤橋特選(C1),1勝以下,トワイライトサーガ,3,85.6,ルーパステソーロ,7,82.2,カシノエイサップ,8,47.2,ルーパステソーロ,7,カシノエイサップ,8,トワイライトサーガ,3,True,True,1060,True,710,True,0,0,0,,,,
2026-04-05,202636040511,ネクストスター北日本(グレナディ重賞,1勝以下,ゴッドバロック,6,100.0,ティーズアライト,1,93.4,ジェイエルビット,9,77.2,ゴッドバロック,6,ティーズアライト,1,ジェイエルビット,9,True,True,280,True,460,True,0,0,0,,,,
2026-04-05,202654040507,ハナモモ特別(C3),1勝以下,フリントロック,2,98.4,モーニングヘイズ,11,70.7,クラウンセヘル,12,54.7,ディープカインズ,9,フリントロック,2,モーニングヘイズ,11,True,False,0,True,220,False,0,0,0,,,,
2026-04-05,202654040508,C1ー4,1勝以下,シンデレラスマイル,2,99.8,ノーブルラン,8,99.1,エイシンオッティモ,9,53.7,ディープギルドン,3,エイシンオッティモ,9,ノーブルラン,8,False,False,0,True,380,False,0,0,0,,,,
2026-04-05,202654040509,C1ー3,1勝以下,プロテア,4,100.0,アリアルブラック,6,99.9,シュクメルリ,2,35.0,モノノフブルー,8,プロテア,4,シュクメルリ,2,True,False,0,True,310,False,0,0,0,,,,
2026-04-05,202654040510,C1ー2,1勝以下,スティーロポリス,3,97.8,ビービーバシリス,5,90.8,キャリーハピネス,7,53.3,ネオヒューズ,6,キャリーハピネス,7,コールブランド,1,False,False,0,False,0,False,0,0,0,,,,
2026-04-05,202655040506,ル・プランタン賞重賞,1勝以下,サキドリトッケン,5,42.3,パウリノ,2,41.4,ダイメイアイ,6,29.4,サキドリトッケン,5,ミスティライズ,9,マジックアロマ,10,True,False,0,False,0,False,0,0,0,,,,
2026-04-05,202655040507,C1ー5組,1勝以下,オレノアイバ,2,100.0,クライミーアリバー,10,88.5,マリノバレリーナ,6,84.4,オレノアイバ,2,ドンアポロン,3,ジーティースピカ,9,True,False,0,False,0,False,0,0,0,,,,
2026-04-05,202654040511,牧野公園特別(C1),1勝以下,コロンバージュ,2,93.1,セイウンガレオン,8,90.6,メイショウヨンク,1,75.9,セイウンガレオン,8,ショウサンキズナ,6,メイショウヨンク,1,False,False,0,True,390,False,0,0,0,,,,
2026-04-05,202654040512,ファイナルレース(C1),1勝以下,ペプチドヒナタ,9,97.2,クヴェレ,5,68.0,オールラウンダー,2,55.1,オールラウンダー,2,オセアトップガン,10,クヴェレ,5,False,False,0,True,900,False,0,0,0,,,,
2026-04-06,202636040601,C2,1勝以下,キタノルシール,6,98.6,ソープストーン,7,94.0,ファストパスキー,4,73.8,キタノルシール,6,ファストパスキー,4,リスクテイカー,2,True,True,940,True,840,True,1200,0,0,,,,
2026-04-06,202636040602,C2,1勝以下,シノブデスティーノ,8,99.9,ゴープラチナム,9,99.5,オンザレイディオ,2,65.5,シノブデスティーノ,8,ゴープラチナム,9,クリスタルテン,5,True,True,130,True,330,True,380,0,0,,,,
2026-04-06,202636040603,C2七組,1勝以下,アレグロコンブリオ,10,92.0,モンルネ,7,84.8,クレナイノヒメ,4,68.1,バスターショット,1,クレナイノヒメ,4,コルレーニョ,6,False,False,0,False,0,False,0,0,0,,,,
2026-04-06,202636040604,C2六組,1勝以下,セレスチャルホープ,2,100.0,ハッピーグローリー,10,77.5,ストレート,1,65.4,セレスチャルホープ,2,フジサンワイシーシ,9,ジュンツーポイント,4,True,False,0,False,0,False,0,0,0,,,,
2026-04-06,202636040605,C2五組,1勝以下,トリクロマティック,4,99.9,フクチャンサクラ,3,99.4,ラブラブバゴバゴ,6,68.3,ラブラブバゴバゴ,6,マサノビジョン,1,フクチャンサクラ,3,False,False,0,True,220,False,0,0,0,,,,
2026-04-06,202636040606,3歳B2二組,1勝以下,アウトザロー,5,100.0,アイノヴァルキリー,7,96.4,トゥーナフラワー,11,40.3,アウトザロー,5,アイノヴァルキリー,7,トゥーナフラワー,11,True,True,140,True,700,True,290,0,0,,,,
2026-04-06,202636040607,3歳B2一組,1勝以下,フォースメン,8,99.9,レノヴァティオ,2,86.8,フジフックハンド,1,76.7,フォースメン,8,リフレララ,7,ダンストンセリュー,5,True,False,0,False,0,False,0,0,0,,,,
2026-04-06,202636040608,B1,1勝以下,タイガードラゴン,3,99.0,アポロプラネット,8,99.0,ゴレイジョウ,9,44.8,アポロプラネット,8,スマートハンター,10,スターライトテール,6,False,False,0,False,0,False,0,0,0,,,,
2026-04-06,202645040601,ツバメ賞(C3),1勝以下,ルリール,4,87.8,ササキンポピー,1,82.3,ナリノビスケッツ,11,57.5,ナリノビスケッツ,11,ルリール,4,コルティリオ,6,True,True,540,True,280,False,0,0,0,,,,
2026-04-06,202645040602,3歳6,1勝以下,プラカーシャ,7,92.8,デルニエエリオント,10,86.5,チキュウ,3,76.9,デルニエエリオント,10,マロンデプティ,5,グアピシマ,2,False,False,0,False,0,False,0,0,0,,,,
2026-04-06,202655040601,3歳ー5組,1勝以下,ラスエル,6,100.0,テイエムテンジン,1,99.9,ユイノディスタンス,3,54.1,ラスエル,6,テイエムテンジン,1,ダッテウマダモノ,4,True,True,110,True,100,False,0,0,0,,,,
2026-04-06,202655040602,C2ー11組,1勝以下,サヨノフジ,7,91.8,カイブルーノ,12,69.3,ダノンポセイドン,11,52.4,サヨノフジ,7,ニンマリ,4,カイブルーノ,12,True,False,0,True,300,False,0,0,0,,,,
2026-04-06,202636040609,B2四組,1勝以下,シマサンブラック,9,99.9,フォーエリーゼ,4,90.4,ラヴェイ,1,73.7,シマサンブラック,9,フォーエリーゼ,4,ラヴェイ,1,True,True,210,True,510,True,270,0,0,,,,
2026-04-06,202636040610,B2三組,1勝以下,オプティクス,1,99.0,ブレイクバウンズ,6,98.5,ビッグシシールーフ,7,37.1,ブレイクバウンズ,6,オプティクス,1,ドドーニサンサン,11,True,True,210,True,140,False,0,0,0,,,,
2026-04-06,202636040611,B2二組,1勝以下,ウィンターサン,7,99.8,ヴァサヴォワール,8,99.2,ヴァンナチュール,6,68.9,ウィンターサン,7,ダイビングヘッド,9,ヴァサヴォワール,8,True,False,0,True,170,False,0,0,0,,,,
2026-04-06,202645040603,3歳5,1勝以下,ジャパンハート,2,84.9,キチョウ,5,83.2,ミラクルガイ,1,79.0,キョウエイハゴロモ,7,ピーエムボギー,8,クイーンズステート,10,False,False,0,False,0,False,0,0,0,,,,
2026-04-06,202645040604,レインボー賞(3歳),1勝以下,グランドフロイデ,4,98.4,ビターメロン,3,92.8,バルジェロ,6,81.8,バルジェロ,6,グランドフロイデ,4,フランキングライン,9,True,True,640,True,200,False,0,0,0,,,,
2026-04-06,202645040605,鶴鷸賞(3歳),1勝以下,カルダモンロール,10,99.7,カナールゲイル,9,97.5,ボビー,3,63.0,カルダモンロール,10,カナールゲイル,9,エスプリアキラサン,4,True,True,300,True,160,False,0,0,0,,,,
2026-04-06,202645040606,C2一二,1勝以下,フィリグラン,1,91.3,ディセプティコン,3,89.3,ヒソカ,11,69.3,ヴィトーリアヘーザ,9,ディセプティコン,3,ベルレオーネ,6,False,False,0,False,0,False,0,0,0,,,,
2026-04-06,202655040603,C2ー10組,1勝以下,ウーバーミッション,6,96.7,スマートカリーナ,3,91.6,シリウスライト,4,83.2,スマートカリーナ,3,テイエムリアリティ,7,ウーバーミッション,6,True,False,0,True,140,False,0,0,0,,,,
2026-04-06,202655040604,C2ー9組,1勝以下,ミコノオンガエシ,9,92.3,ライフク,7,89.1,サトノシュタール,8,84.7,ユナブライト,3,ミコノオンガエシ,9,ライフク,7,True,False,0,True,230,False,0,0,0,,,,
2026-04-06,202655040605,C1ー9組,1勝以下,ニシノサンストーン,2,98.9,ヘルト,6,98.0,ロイヤルデバイサー,1,80.5,ロイヤルデバイサー,1,ニシノサンストーン,2,ブラックサンライズ,12,True,True,550,True,240,False,0,0,0,,,,
2026-04-06,202655040606,C1ー8組,1勝以下,サムシンググレート,2,100.0,パームビーチ,5,83.1,グエムル,1,59.4,サムシンググレート,2,パームビーチ,5,グエムル,1,True,True,220,True,880,True,670,0,0,,,,
2026-04-06,202636040612,桜並木賞(B1),1勝以下,ゲンパチプライド,7,97.0,ファイナルキング,2,85.0,ビップアクア,10,83.8,ファイナルキング,2,ゲンパチプライド,7,ビップアクア,10,True,True,560,True,650,True,310,0,0,,,,
2026-04-06,202645040607,アスターテ賞(C2C3),1勝以下,ファイナルワンダー,8,76.6,タイセイルシエル,13,71.3,ミストラ,3,66.2,ネオシャングリラ,1,クリノフラッグ,4,ヤマブキ,14,False,False,0,False,0,False,0,0,0,,,,
2026-04-06,202645040608,C2一二,1勝以下,ロコモーション,1,99.8,モメン,5,99.4,ピコグリーン,10,81.7,ミライヘノテンシ,12,ロコモーション,1,モメン,5,True,False,0,True,210,False,0,0,0,,,,
2026-04-06,202645040609,光速賞(C1),1勝以下,ポッドデューク,8,100.0,ムーランアルザン,3,97.3,タイトルコール,11,34.4,レジェス,10,ピーチマカロン,5,ムーランアルザン,3,False,False,0,False,0,False,0,0,0,,,,
2026-04-06,202645040610,卯の花月特別(B3三),1勝以下,ソイラテ,2,99.9,カセノラオー,10,94.2,トウマ,6,41.7,ソイラテ,2,ラムテリオス,1,サダージ,4,True,False,0,False,0,False,0,0,0,,,,
2026-04-06,202645040611,疾風迅雷賞(A2),1勝以下,ハーフブルー,4,98.4,スモークフレイバー,7,97.9,オスカーブレイン,3,63.1,スモークフレイバー,7,ハーフブルー,4,キューティロメラ,8,True,True,450,True,260,False,0,0,0,,,,
2026-04-06,202645040612,錨草賞(C2),1勝以下,フジュム,11,100.0,ジンガー,1,94.8,ダイゴホマレリュウ,3,29.9,ジンガー,1,セレブウマザンマイ,8,ガルニエ,10,False,False,0,False,0,False,0,0,0,,,,
2026-04-07,202636040701,C2四組,1勝以下,ネオステラス,2,96.8,キタノパッション,5,93.9,プリズムスペクトル,3,58.7,バエル,6,ネオステラス,2,タギマサダス,1,True,False,0,False,0,False,0,0,0,,,,
2026-04-07,202636040702,C2三組,1勝以下,リベリアンガール,8,95.9,ライジンシチー,1,88.3,キタノアルテミス,3,73.7,ライジンシチー,1,エスカペード,9,リベリアンガール,8,True,False,0,True,190,False,0,0,0,,,,
2026-04-07,202636040703,C2二組,1勝以下,ビリオネアボーイ,3,99.5,テンリッチスマイル,7,91.3,コニパ,5,75.8,スパーク,10,ビリオネアボーイ,3,テンリッチスマイル,7,True,False,0,True,180,False,0,0,0,,,,
2026-04-07,202636040704,C2一組,1勝以下,トチノヒーロー,3,97.5,ガビーズスピリット,5,88.6,ベルベストランナー,1,77.6,トチノヒーロー,3,ベルベストランナー,1,ゴールドハーディス,8,True,True,350,True,150,False,0,0,0,,,,
2026-04-07,202650040701,C3二,1勝以下,エクスプロラベスト,4,86.3,フロストシティ,7,84.3,ハンデンローリエ,9,47.2,エクスプロラベスト,4,フロストシティ,7,アモールファティ,5,True,True,710,True,280,False,0,0,0,,,,
2026-04-07,202650040702,C3一,1勝以下,メイショウフィガロ,5,95.9,ジェリーコアコアラ,7,94.6,リーデレ,2,51.3,メイショウフィガロ,5,クレスコロッキー,3,リーデレ,2,True,False,0,True,460,False,0,0,0,,,,
2026-04-07,202650040703,3歳C2二,1勝以下,エイシンジコクテン,5,99.9,カクヘン,8,98.3,エイシンリール,1,65.0,カクヘン,8,エイシンジコクテン,5,グラフォス,9,True,True,280,True,160,False,0,0,0,,,,
2026-04-07,202650040704,槻並スプリント3歳C2一,1勝以下,フューチャーライト,8,100.0,オニギリ,4,79.4,ララヴァニーユ,6,56.2,フューチャーライト,8,シアワセノクツ,11,ララヴァニーユ,6,True,False,0,True,210,False,0,0,0,,,,
2026-04-07,202650040705,仁頂寺ダッシュC3二,1勝以下,ラッピングボックス,4,97.2,タガノグリジオ,7,91.0,コンダクト,11,87.6,コンダクト,11,モンシャトール,1,リベリューラ,12,False,False,0,False,0,False,0,0,0,,,,
2026-04-07,202650040706,C2三,1勝以下,メイショウピスカリ,8,74.4,スーパークール,1,63.2,アークリオーソ,7,17.3,アークリオーソ,7,タンバッフェ,3,メイショウピスカリ,8,True,False,0,False,0,False,0,0,0,,,,
2026-04-07,202650040707,C2二,1勝以下,メイショウマゴイチ,9,100.0,ナムラデュラン,1,75.6,ルジャーダ,3,59.8,ダイシチセイ,7,レスプレンドール,8,ナムラデュラン,1,False,False,0,False,0,False,0,0,0,,,,
2026-04-07,202636040705,B1,1勝以下,コスモタラゴン,6,96.3,タカマキスリー,4,88.8,キッズファイナル,9,73.6,タカマキスリー,4,コスモタラゴン,6,キッズファイナル,9,True,False,0,True,230,False,0,0,0,,,,
2026-04-07,202636040706,B1,1勝以下,チベリウス,6,98.1,ブルドッグキング,5,97.4,クインズプリーズ,8,84.2,チベリウス,6,ブルドッグキング,5,セイカフォルゴーレ,3,True,False,0,True,140,False,0,0,0,,,,
2026-04-07,202636040707,3歳B2三組,1勝以下,ラブミーヘンリー,3,98.5,リュウノソウル,4,92.3,ブブチャンプ,6,62.9,ラブミーヘンリー,3,リュウノソウル,4,サンドロック,11,True,False,0,True,190,False,0,0,0,,,,
2026-04-07,202636040708,B2,1勝以下,スーパーリベロ,2,98.7,ピュアケミストリー,10,81.7,ストロングフーヴス,8,60.6,ピュアケミストリー,10,メイザーキック,6,グローサーベア,9,False,False,0,False,0,False,0,0,0,,,,
2026-04-07,202645040701,C3五六,1勝以下,ヤマトカチドキ,4,96.0,ナリノドリーム,8,94.8,ブルートルマリン,3,78.4,ナリノドリーム,8,ヤマトカチドキ,4,アンリ,7,True,False,0,True,170,False,0,0,0,,,,
2026-04-07,202645040702,C3五六,1勝以下,アップタウンガール,6,83.3,トーセンメモリア,1,82.6,ナミエヒーロー,2,70.1,アップタウンガール,6,ナミエヒーロー,2,ナツハヤテ,4,True,False,0,False,0,False,0,0,0,,,,
2026-04-07,202645040703,初雷賞(C2),1勝以下,プレストヴィーナス,1,99.7,モズノセイギ,8,97.3,ノブハッピーホース,6,47.9,プレストヴィーナス,1,モズノセイギ,8,エレレラナキラ,5,True,False,0,True,180,False,0,0,0,,,,
2026-04-07,202646040702,きっと馬くいくで賞(C1),1勝以下,シンシーネ,6,99.9,スナドケイ,5,96.4,マルモルミエール,2,53.3,スナドケイ,5,シンシーネ,6,マルモルミエール,2,True,False,0,True,110,False,0,0,0,,,,
2026-04-07,202646040703,C15,1勝以下,アンダーレ,4,95.0,パンテレリア,5,93.0,ジューンサレンダー,3,68.4,パンテレリア,5,スマートアリオン,1,ユニコ,7,False,False,0,False,0,False,0,0,0,,,,
2026-04-07,202648040702,C29組,1勝以下,アオイアイ,1,99.9,ニホンピログリット,2,84.5,ヴィヴィアンワン,8,55.2,アオイアイ,1,ニホンピログリット,2,ヴィヴィアンワン,8,True,False,0,True,130,False,0,0,0,,,,
2026-04-07,202648040703,3歳7組,1勝以下,スエ,6,94.2,タマリスペクト,5,90.3,プレシャスノワール,10,58.3,スエ,6,プレシャスノワール,10,ビックリパラダイス,9,True,False,0,False,0,False,0,0,0,,,,
2026-04-07,202650040708,C2一,1勝以下,サルファー,7,98.2,リポジノ,3,90.3,メイショウヤスマサ,6,66.3,サルファー,7,リポジノ,3,ゲンタツ,4,True,False,0,True,130,False,0,0,0,,,,
2026-04-07,202650040709,C1,1勝以下,ギャランドゥ,5,100.0,ムーンレイデオ,1,61.2,フセノオーロラ,2,54.2,ムーンレイデオ,1,アイファーキャップ,8,ギャランドゥ,5,True,False,0,True,470,False,0,0,0,,,,
2026-04-07,202650040710,B2,1勝以下,ハイラブソング,10,98.3,メイショウカイコン,3,95.2,ヨドノタイヨウ,11,66.0,メイショウカイコン,3,ヨドノタイヨウ,11,ゼンダンスバシリ,7,False,False,0,False,0,False,0,0,0,,,,
2026-04-07,202636040709,B2,1勝以下,マナホクラニ,10,100.0,キャピタルプレイン,7,88.1,サイモンノーブル,8,68.9,サイモンノーブル,8,マナホクラニ,10,リコーアストラ,4,True,False,0,False,0,False,0,0,0,,,,
2026-04-07,202636040710,B2,1勝以下,ナイスカプチーノ,7,96.5,カリータフェリス,3,87.8,タイキモンストル,10,52.5,ナイスカプチーノ,7,キラット,2,ヒロシゲウェーブ,6,True,False,0,False,0,False,0,0,0,,,,
2026-04-07,202636040711,B1二組,1勝以下,アドマイヤルプス,3,94.3,ボンディマンシュ,7,51.7,サトノミスチーフ,10,51.5,オデンシタ,1,アーリーレッグ,6,サトノバトラー,8,False,False,0,False,0,False,0,0,0,,,,
2026-04-07,202645040704,C2三四,1勝以下,アイビージーニー,5,95.9,サンクリュウ,10,95.6,ストロンゲスト,4,68.0,サンクリュウ,10,オリコウパラダイス,12,ストロンゲスト,4,False,False,0,False,0,False,0,0,0,,,,
2026-04-07,202645040705,C2三四,1勝以下,ゼンダントモニ,7,94.8,オブラマエストラ,10,93.7,エールラヴィクトワ,12,77.7,ゼンダントモニ,7,エールラヴィクトワ,12,ミュークフォルテ,2,True,False,0,False,0,False,0,0,0,,,,
2026-04-07,202645040706,ダイヤモンドフラワー賞(3歳),1勝以下,ロンバルドシチー,8,96.3,ダテオトコ,9,94.4,マイネルアイフェル,4,59.9,ダテオトコ,9,エアセンチュリー,5,ロンバルドシチー,8,True,False,0,True,140,False,0,0,0,,,,
2026-04-07,202645040707,エイプリルフラワー賞(3歳),1勝以下,サヨノマックスラブ,8,98.8,セントピュアベース,1,92.1,リアンマカ,4,56.4,サヨノマックスラブ,8,キョウエイハル,11,フレンチブラッサム,2,True,False,0,False,0,False,0,0,0,,,,
2026-04-07,202646040705,今こそ握れ 夢を!サンノヨン新章開幕記念(C1),1勝以下,ハクサンサクヤヒメ,8,100.0,サクラサルーテ,5,80.6,クイーンラブ,2,63.7,カワキタオルゴ,1,ハクサンサクヤヒメ,8,サクラサルーテ,5,True,False,0,True,110,False,0,0,0,,,,
2026-04-07,202646040706,C12,1勝以下,カドバンソコヂカラ,7,100.0,ペダンクルアーチ,3,94.6,イーベンホルツ,5,85.8,カドバンソコヂカラ,7,メイショウメイボク,1,イーベンホルツ,5,True,False,0,False,0,False,0,0,0,,,,
2026-04-07,202646040707,3歳A2,1勝以下,シルヴァバローズ,3,99.9,ライクシュガー,5,99.6,エイシンディーヴァ,8,92.8,ライクシュガー,5,エイシンディーヴァ,8,ガリバタ,2,False,False,0,False,0,False,0,0,0,,,,
2026-04-07,202648040704,C28組,1勝以下,スノーバンティング,9,96.2,ウエスタンクリス,8,87.8,リリアンファスト,1,81.4,ウエスタンクリス,8,リリアンファスト,1,オーブラボー,10,False,False,0,False,0,False,0,0,0,,,,
2026-04-07,202648040705,C27組,1勝以下,ルミノーゾ,8,97.7,プリマベーラ,10,91.7,ソダチザカリ,1,90.8,ソダチザカリ,1,フェリスナビダ,4,プリマベーラ,10,False,False,0,False,0,False,0,0,0,,,,
2026-04-07,202648040706,ゆうきくん就職おめでとう(C),1勝以下,アスプロガイア,10,99.8,ウタカタ,4,59.4,エムズオルフェ,8,46.5,ランスオブフェイス,9,アスプロガイア,10,クールフレア,3,True,False,0,False,0,False,0,0,0,,,,
2026-04-07,202650040711,そのたんお誕生日記念A1,1勝以下,サトノルフィアン,6,95.8,タガノエスコート,2,92.5,ミステリーボックス,4,91.5,サトノルフィアン,6,タガノエスコート,2,ミステリーボックス,4,True,False,0,True,140,False,0,0,0,,,,
2026-04-07,202650040712,C3一,1勝以下,マイチャージ,2,86.4,キーオブハート,8,74.3,エーケーリターン,12,69.6,イチバンボシ,11,ヤングブラッド,1,テイケイリノ,6,False,False,0,False,0,False,0,0,0,,,,
2026-04-07,202645040708,イースター賞(C2),1勝以下,ガウラサンダー,8,99.9,タヴァネスタン,3,73.8,ムーンライトデイ,11,52.4,キミハレモネード,2,タヴァネスタン,3,ガウラサンダー,8,True,False,0,True,200,False,0,0,0,,,,
2026-04-07,202645040709,勇気凛凛賞(B3),1勝以下,カンノンアーニモ,5,99.5,ディーズメイト,7,99.4,ソレア,10,87.5,サンダビューク,8,タイセイフランク,9,アイルプロテクト,1,False,False,0,False,0,False,0,0,0,,,,
2026-04-07,202645040710,プロキオン賞(B2B3),1勝以下,デフィニティーボ,6,87.2,パイロビーム,11,58.0,トリグラフ,8,55.6,デフィニティーボ,6,クレシューズ,5,グロリオサ,10,True,False,0,False,0,False,0,0,0,,,,
2026-04-07,202646040708,健太と悠香の愛の単勝一本勝負杯(B1),1勝以下,オラヴェリタス,2,84.7,ウォーハンマー,6,81.4,ナインパワー,7,79.2,ハクサンハナビ,8,オラヴェリタス,2,ウォーハンマー,6,True,False,0,True,420,False,0,0,0,,,,
2026-04-07,202646040710,能登復興支援 真脇遺跡賞(B1),1勝以下,ライズタイガ,7,91.0,ゼローソ,3,73.6,エムティトップ,4,47.9,ウメタロウ,6,ライズタイガ,7,ゼローソ,3,True,False,0,True,300,False,0,0,0,,,,
2026-04-07,202648040707,芝桜昇竜戦(A),1勝以下,エレインアスティ,1,99.8,スイッチブレード,5,76.2,オオタニズスマイル,3,66.6,エレインアスティ,1,スイッチブレード,5,フレスコバルディ,4,True,False,0,True,100,False,0,0,0,,,,
2026-04-07,202648040708,零れ桜特別(B),1勝以下,アイガー,11,98.0,トーマステソーロ,8,84.4,サンダーフレア,1,65.6,サンダーフレア,1,アイガー,11,メモリードライブ,3,True,False,0,False,0,False,0,0,0,,,,
2026-04-07,202648040709,桜月夜特別(B),1勝以下,ラブリーサイン,5,83.3,スフレ,4,67.6,テルケンレンジョイ,7,34.3,ワイルドハンター,10,マルカブリッツ,8,テルケンレンジョイ,7,False,False,0,False,0,False,0,0,0,,,,
2026-04-07,202645040711,クラウンカップ(東京ダービーTR重賞,1勝以下,シーテープ,3,100.0,ロードレイジング,6,69.0,グルーヴィン,1,58.0,シーテープ,3,オリジナルパターン,8,ララメテオ,11,True,False,0,False,0,False,0,0,0,,,,
2026-04-07,202645040712,桜草賞(C1),1勝以下,メイショウマチルダ,7,97.5,マルモリアクティブ,9,94.5,ジーティーカイソク,12,52.7,ジーティーカイソク,12,ラウレア,4,エスプリゴンザレス,13,False,False,0,False,0,False,0,0,0,,,,
2026-04-07,202646040711,金沢競馬は楽天競馬で投票!特別(A2),1勝以下,スーパーチャンド,6,99.9,インペリアルモート,1,81.2,ハクサンミラクル,5,58.3,スーパーチャンド,6,アスターディンブラ,2,サノプリ,4,True,False,0,False,0,False,0,0,0,,,,
2026-04-07,202646040712,ネクストスター中日本【兵庫CSTR】重賞,1勝以下,ヨサリ,4,99.7,エムティジーク,8,98.2,グラシアレス,7,69.8,ミモザノキセツ,12,エムティジーク,8,ヨサリ,4,True,False,0,True,240,False,0,0,0,,,,
2026-04-07,202648040710,東海桜花賞重賞,1勝以下,ナイトオブファイア,9,94.6,メイショウタイセツ,1,83.0,リジン,4,41.8,メイショウタイセツ,1,ナイトオブファイア,9,ケルンコンサート,7,True,False,0,True,200,False,0,0,0,,,,
2026-04-07,202648040711,C25組,1勝以下,アルヒルム,8,99.8,タマモハヤブサ,3,77.9,アップリンク,6,50.8,ハズムリズム,10,フークイーラン,1,タマモハヤブサ,3,False,False,0,False,0,False,0,0,0,,,,
2026-04-08,202645040801,枡形山賞(C3),1勝以下,ファイアーワークス,4,25.1,エルキーオ,12,25.7,アナザームーン,7,24.8,パーティーキング,2,エルキーオ,12,トミサンペガサス,6,False,False,0,False,0,False,0,0,0,,,,
2026-04-08,202645040802,アルコンスィエル賞(3歳),1勝以下,ブリットポップ,2,25.0,ナナミ,6,25.7,プレストジャンヌ,9,24.7,マーベラスティアラ,10,ブリットポップ,2,ナナミ,6,True,False,0,True,200,False,0,0,0,,,,
2026-04-08,202645040803,黄連雀賞(3歳),1勝以下,ラーマ,2,33.2,ブラックトルマリン,8,33.5,タツノスペシャル,7,33.3,ブラックトルマリン,8,ラーマ,2,インフェルレーヴ,10,True,False,0,True,190,False,0,0,0,,,,
2026-04-08,202645040805,橘樹官衛賞(C2),1勝以下,フレイム,6,25.2,ジーティーラピッド,12,25.7,セレナス,1,24.7,フレイム,6,マルゼンスキーツー,7,クリノノヴァエ,2,True,False,0,False,0,False,0,0,0,,,,
2026-04-08,202645040806,夢見ヶ崎賞(C2),1勝以下,ライヴバフィ,7,25.2,ベラヴィットーリア,2,25.7,ルミナヴィクター,5,24.7,サウスオブロンドン,3,ライヴバフィ,7,メイショウフェリオ,4,True,False,0,False,0,False,0,0,0,,,,
2026-04-08,202645040807,丸子の渡し賞(C1),1勝以下,サラサエンペラー,12,24.9,クリノウィリアム,9,25.7,スイッチオン,11,24.7,クリノウィリアム,9,サラサエンペラー,12,マジュツシカエル,5,True,False,0,True,220,False,0,0,0,,,,
2026-04-08,202648040801,3歳6組,1勝以下,ヘヴンリースカイ,4,25.2,ベアフォースワン,9,25.9,ハウスオンファイア,10,24.9,ベアフォースワン,9,ヘヴンリースカイ,4,ピエナビバサンバ,3,True,False,0,True,240,False,0,0,0,,,,
2026-04-08,202648040802,3歳5組,1勝以下,エンゼルランプ,5,25.4,サノノサンダー,9,25.7,ナムラキングダム,10,24.8,サバイバルトゥルー,6,ナムラキングダム,10,エンゼルランプ,5,True,False,0,False,0,False,0,0,0,,,,
2026-04-08,202648040803,C24組,1勝以下,マチウマフローラ,4,28.3,アドバンスオーセン,8,27.0,ホウショウビフウ,10,26.9,マチウマフローラ,4,アップモンスター,7,ホウショウビフウ,10,True,False,0,False,0,False,0,0,0,,,,
2026-04-08,202648040804,C23組,1勝以下,メイショウウミカゼ,11,27.6,クールシェリー,3,27.1,セブンスプリングス,9,26.9,シャンセレナーデ,6,ブラックビート,5,モンサンフリージア,1,False,False,0,False,0,False,0,0,0,,,,
2026-04-08,202648040805,C22組,1勝以下,アンファング,1,30.3,アップメイヒメ,8,30.1,ニホンピロデルマー,2,30.5,ローゼオ,5,アンファング,1,ネオディヤマンテ,7,True,False,0,False,0,False,0,0,0,,,,
2026-04-08,202648040806,壮太郎進級おめでとう(C),1勝以下,メイショウヨリキリ,11,27.3,オールザグッド,1,27.1,メムエクラ,3,26.9,メムエクラ,3,ルージュパラディ,4,クオレプリマドンナ,7,False,False,0,False,0,False,0,0,0,,,,
2026-04-08,202648040807,C20組,1勝以下,カワテンティアラ,7,28.3,トップパワー,8,27.1,ゴールドプラン,11,26.8,カワテンティアラ,7,トップパワー,8,ゴールドプラン,11,True,False,0,True,120,False,0,0,0,,,,
2026-04-08,202650040801,C3三,1勝以下,バチェロレックス,7,34.4,ワンダーレイザー,5,33.3,ニシノダンテ,4,32.9,ナットビーワン,8,バチェロレックス,7,ワンダーレイザー,5,True,False,0,True,130,False,0,0,0,,,,
2026-04-08,202650040803,C3一,1勝以下,デイムサンライズ,5,31.8,キークラシック,8,29.9,ビロウィダダ,10,30.3,デイムサンライズ,5,キークラシック,8,ビロウィダダ,10,True,False,0,True,150,False,0,0,0,,,,
2026-04-08,202650040804,紫合7ハロンC2二,1勝以下,グランサントル,7,30.7,エギエネス,8,30.1,ラインポーチュラカ,5,30.5,グランサントル,7,ガルバナム,3,エギエネス,8,True,False,0,True,190,False,0,0,0,,,,
2026-04-08,202650040805,黍田町8.5ハロンC3,1勝以下,エポエポサン,5,25.4,ジュンオーズ,9,25.9,ワーキングアセット,4,24.8,ザタイムズ,1,エポエポサン,5,ジュンオーズ,9,True,False,0,True,300,False,0,0,0,,,,
2026-04-08,202650040806,C2一,1勝以下,ハギノインスパイア,8,31.7,エイユーマックス,2,29.9,マットーネロッソ,5,30.3,ハギノインスパイア,8,エイユーマックス,2,オースミストロング,10,True,False,0,True,190,False,0,0,0,,,,
2026-04-08,202650040807,C2二,1勝以下,スマルト,4,30.7,エイシンパルサー,10,30.1,アングラー,3,30.4,エイシンパルサー,10,キモンキャリントン,6,スマートサターン,9,False,False,0,False,0,False,0,0,0,,,,
2026-04-08,202650040808,C2一,1勝以下,ゴッドホーネット,1,30.3,ナリタヴィクトリー,5,30.0,タプチャン,3,30.5,ナリタヴィクトリー,5,ゴッドホーネット,1,イッツマイビジネス,8,True,False,0,True,300,False,0,0,0,,,,
2026-04-08,202650040809,C1二,1勝以下,プレデスティナーレ,9,25.1,シャドーストライク,1,25.8,ララテロワール,7,24.8,プレデスティナーレ,9,ブルームザドリーム,10,シャドーストライク,1,True,False,0,True,200,False,0,0,0,,,,
2026-04-08,202650040810,JRA交流 神鍋山特別,1勝以下,ボンボンベイビー,6,44.3,ダンジョンヒーロー,5,38.1,ウインクリンゲル,8,36.6,ダンジョンヒーロー,5,マリノエステーラ,4,ボンボンベイビー,6,True,False,0,True,130,False,0,0,0,,,,
2026-04-08,202650040811,陽春特別B1,1勝以下,ショウナンアトレ,3,25.0,トップヴィヴィット,10,25.7,エイシンケプラー,7,24.7,グランドルチル,5,ワンボイス,12,トップヴィヴィット,10,False,False,0,False,0,False,0,0,0,,,,
2026-04-08,202650040812,C1一,1勝以下,ゼットシルヴィア,4,25.0,ミルトコルサ,5,25.7,ブンブンマル,2,24.8,チェリカ,12,ゼットシルヴィア,4,ジーティートゥルー,6,True,False,0,False,0,False,0,0,0,,,,
2026-04-09,202650040902,C3三,1勝以下,パリパリ,8,97.6,テイケイアンジェ,5,83.7,メメニシコリ,4,7.1,サクラトップセラー,1,パリパリ,8,グランテミス,3,True,False,0,False,0,False,0,0,0,,,,
2026-04-09,202650040903,C3二,1勝以下,テーオーヴァルナイ,5,100.0,ハヌマーン,1,68.1,テクノエクスプレス,6,68.0,テーオーヴァルナイ,5,ハヌマーン,1,テクノエクスプレス,6,True,False,0,True,230,False,0,0,0,,,,
2026-04-09,202650040904,来住町7ハロンC2二,1勝以下,ミラクルエース,9,98.5,タイイクスワリ,8,72.4,ハイレジリエンス,3,14.7,ハイレジリエンス,3,ミラクルエース,9,ヨシノリッキー,10,True,False,0,False,0,False,0,0,0,,,,
2026-04-09,202650040905,浄谷町7ハロンC2一,1勝以下,シャインシュシュ,5,90.1,ジョーブラック,6,84.2,オキョンピー,3,70.1,オテンバムスメ,7,シャインシュシュ,5,ジョーブラック,6,True,False,0,True,170,False,0,0,0,,,,
2026-04-09,202650040906,C3一,1勝以下,ロングセラーアスク,6,99.0,テンクウワールド,4,74.7,ナムラダニー,5,15.6,ロングセラーアスク,6,テンクウワールド,4,ナムラダニー,5,True,False,0,True,180,False,0,0,0,,,,
2026-04-09,202650040907,3歳C1二,1勝以下,イヌボウノヒカリ,2,95.1,カシノハンゾウ,3,94.2,キャッチマイアイ,8,2.7,エイシンシギー,5,カシノハンゾウ,3,イヌボウノヒカリ,2,True,False,0,True,170,False,0,0,0,,,,
2026-04-09,202645040901,3歳7,1勝以下,ワイルドスマッシュ,6,98.2,ヨルノマドンナ,8,89.3,サンブル,2,78.1,サンブル,2,ワイルドスマッシュ,6,ベアトゥース,4,True,False,0,False,0,False,0,0,0,,,,
2026-04-09,202645040902,C3三四,1勝以下,ニットウアクシア,4,99.8,メガミリオン,5,76.9,ゴームズ,7,68.2,ニットウアクシア,4,ゴームズ,7,バリクパパン,9,True,False,0,False,0,False,0,0,0,,,,
2026-04-09,202648040901,C18組,1勝以下,リラキトス,1,96.9,ウインクメイド,11,77.3,プレイアブルゲーム,9,15.8,リラキトス,1,エースオブハーツ,8,ウインクメイド,11,True,False,0,True,170,False,0,0,0,,,,
2026-04-09,202648040902,C17組,1勝以下,マルシェ,1,87.4,オイルマン,6,64.8,ゴールデンマーチ,8,19.5,アインホルン,9,ダックリン,4,マルシェ,1,True,False,0,False,0,False,0,0,0,,,,
2026-04-09,202648040903,C16組,1勝以下,ミスティブルー,2,84.0,ブルロッソ,9,71.1,オレイニウタイマス,11,30.9,ミスティブルー,2,オレイニウタイマス,11,スイートゥンビター,7,True,False,0,False,0,False,0,0,0,,,,
2026-04-09,202650040908,3歳C1一,1勝以下,ドナルドポーカー,5,98.0,ラプスドール,4,82.4,サクセスブレイク,2,4.1,カイリ,7,ドナルドポーカー,5,ラプスドール,4,True,False,0,True,160,False,0,0,0,,,,
2026-04-09,202650040909,C2,1勝以下,スイートフェアリー,4,98.1,エーピーポエティス,3,84.2,マーティンヒル,8,11.7,スイートフェアリー,4,エーピーポエティス,3,ヤザン,1,True,False,0,True,170,False,0,0,0,,,,
2026-04-09,202650040910,B2,1勝以下,マーゴットファブ,4,93.6,ギユウ,1,72.3,チャンチャン,5,20.5,ポテンザ,6,ギユウ,1,リリーオブザハート,3,False,False,0,False,0,False,0,0,0,,,,
2026-04-09,202645040903,C3三四,1勝以下,ニットウサニー,9,96.2,ジーニーボニータ,11,87.4,ヤサカソレイユ,6,56.6,リコースチェッキン,8,ヴァンクールシチー,4,シルヴァギンジ,3,False,False,0,False,0,False,0,0,0,,,,
2026-04-09,202645040904,スズメ賞(C3),1勝以下,ヴィンチェンツォ,2,89.8,タノシサ,10,82.5,ガールズドリーム,9,22.1,ロジステート,1,カナサンドー,3,ロワン,7,False,False,0,False,0,False,0,0,0,,,,
2026-04-09,202645040906,春雷賞(C2),1勝以下,マオノボルケーノ,8,91.4,ハーイバービー,5,87.0,ランウェイクイーン,2,11.1,ハーイバービー,5,ランウェイクイーン,2,メイショウユウモウ,4,False,False,0,False,0,False,0,0,0,,,,
2026-04-09,202648040904,C15組,1勝以下,サンマルレーヴ,5,92.2,ルナフェイズ,8,91.5,タマモルピナス,11,24.8,サンマルレーヴ,5,セラヴィーナス,7,ファルコナーラ,9,True,False,0,False,0,False,0,0,0,,,,
2026-04-09,202648040905,B8組,1勝以下,アルカラス,5,95.3,ロイヤルイブキ,4,76.7,トータルダイヤ,9,3.6,アルカラス,5,ケイアイカラキア,10,アドゥールグロー,2,True,False,0,False,0,False,0,0,0,,,,
2026-04-09,202648040906,ゆうき・なつみ結婚記念(C),1勝以下,ピースフルワールド,10,84.6,コスモララバイ,9,56.7,メイショウトサンコ,1,11.1,ウインティターニア,7,コスモララバイ,9,ノーブルカグラ,11,False,False,0,False,0,False,0,0,0,,,,
2026-04-09,202648040907,エイプリルドリーム戦(3歳),1勝以下,カリビアンダンサー,10,84.9,エイシンイーピン,8,73.8,ゴールドレター,6,1.0,エイシンイーピン,8,エイシンピリオド,9,アンジェル,7,False,False,0,False,0,False,0,0,0,,,,
2026-04-09,202650040911,陽炎特別3歳AB,1勝以下,スカイノハル,10,87.8,エイシンビルボード,3,84.8,ベラジオヒダカボシ,5,7.3,スカイノハル,10,アロハマウロア,12,エルグランゴラッソ,6,True,False,0,False,0,False,0,0,0,,,,
2026-04-09,202650040912,C1,1勝以下,ベラドンナリリー,8,91.9,ディナーラッシュ,9,83.3,デュアルタスク,11,41.3,ベラドンナリリー,8,チュッチュポッポ,10,ペイシャツネ,6,True,False,0,False,0,False,0,0,0,,,,
2026-04-09,202645040907,C1三,1勝以下,フラッシュタイム,9,93.7,ブランディストック,3,92.5,アマモト,10,24.8,アマモト,10,ブルーオブウインド,7,ラブリーモンスター,4,False,False,0,False,0,False,0,0,0,,,,
2026-04-09,202645040908,アルテミス賞(C2),1勝以下,ホウヨウムーン,5,92.3,ナリノボガート,13,61.4,カガヤキファイター,6,42.1,カガヤキファイター,6,ナリノボガート,13,コパノモンタナ,10,False,False,0,False,0,False,0,0,0,,,,
2026-04-09,202645040909,小手毬賞(C1),1勝以下,サドル,6,69.5,フクシマジンロッソ,14,66.3,プルーフリーダー,7,30.5,ミヤビクライ,8,プルーフリーダー,7,スティールウィル,1,False,False,0,False,0,False,0,0,0,,,,
2026-04-09,202645040910,星雲疾駆賞(B2),1勝以下,トニープリンス,5,96.0,オソレ,3,86.2,バッファローライズ,2,72.3,バッファローライズ,2,オソレ,3,ピンクタオルチャン,1,False,False,0,False,0,False,0,0,0,,,,
2026-04-09,202648040908,B7組,1勝以下,グールマン,7,96.9,ミダスリスト,11,90.6,アルダブラアトール,3,3.2,ミダスリスト,11,グールマン,7,キングミニスター,10,True,False,0,True,130,False,0,0,0,,,,
2026-04-09,202648040909,徒桜特別(A),1勝以下,ララエフォール,8,97.3,ブライテン,7,64.8,オウケンボス,6,8.8,ララエフォール,8,ブライテン,7,ボルドーリスクレス,10,True,False,0,True,260,False,0,0,0,,,,
2026-04-09,202648040910,大寒桜賞(B),1勝以下,スパルタンワールド,1,41.6,キタカラキタパンチ,6,39.9,ニーケススマイル,9,30.4,サブリュウシン,10,ロングトーン,4,ニーケススマイル,9,False,False,0,False,0,False,0,0,0,,,,
2026-04-09,202645040911,幸オープン(A14歳)OP,OP,マイケルマキシマス,7,94.1,ベアバッキューン,3,68.1,サヨノグローリー,14,30.7,ベアバッキューン,3,シャルフジン,10,パッションクライ,6,False,False,0,False,0,False,0,0,0,,,,
2026-04-09,202645040912,若草特別(B3三),1勝以下,ダンデライオン,3,97.8,トンボ,1,78.8,リコーベレッタ,4,8.1,ダンデライオン,3,バックビート,2,フクチャンキング,10,True,False,0,False,0,False,0,0,0,,,,
2026-04-09,202648040911,東海クイーンカップ重賞,1勝以下,ティーズセラフ,1,98.7,グリグリグリュック,6,72.1,アンラコル,8,11.8,ティーズセラフ,1,ゴーゴーツヨシ,5,カトレアノクターン,10,True,False,0,False,0,False,0,0,0,,,,
2026-04-09,202648040912,染井吉野賞(C),1勝以下,シングンラオウ,3,94.2,サンライズロンドン,4,79.6,トークダウン,2,2.0,ニホンピロケイ,12,シングンラオウ,3,カフジアッサム,1,True,False,0,False,0,False,0,0,0,,,,
2026-04-10,202648041001,C12組,1勝以下,パキラスイート,3,89.1,エクメノポリス,2,82.1,リッククッキー,6,18.4,エクメノポリス,2,ラブバイオレット,8,フルオブエナジー,11,False,False,0,False,0,False,0,0,0,,,,
2026-04-10,202648041002,C11組,1勝以下,ベストキャット,3,89.3,ナンゴクジャックス,4,66.2,スイングボーイ,2,14.7,ナンゴクジャックス,4,エイシンマクルーベ,10,ベストキャット,3,True,False,0,True,270,False,0,0,0,,,,
2026-04-10,202648041003,C10組,1勝以下,シャイニーセーラー,9,93.9,メイショウキタダケ,7,63.6,ゴーゴーゴウト,3,11.8,ゴーゴーゴウト,3,レシェルドランジュ,1,キタノレーニア,10,False,False,0,False,0,False,0,0,0,,,,
2026-04-10,202648041004,C9組,1勝以下,クインズモンブラン,11,97.9,ロジピエルフ,10,96.0,ハクサンシャトル,6,51.7,ミヤイグアス,7,ハクサンシャトル,6,クインズモンブラン,11,True,False,0,False,0,False,0,0,0,,,,
2026-04-10,202645041001,3歳10,1勝以下,パワポケカノン,10,87.3,ブライトメロディー,2,82.9,アンプリフィ,8,9.5,パワポケカノン,10,アメリカンサンデー,9,マッドチェイサー,5,True,False,0,False,0,False,0,0,0,,,,
2026-04-10,202645041002,3歳9,1勝以下,ファインティアラ,5,98.1,シェナマーブル,8,82.5,クツシタオトシタ,9,16.4,ファインティアラ,5,アオイノコスメ,1,クツシタオトシタ,9,True,False,0,False,0,False,0,0,0,,,,
2026-04-10,202646041002,守史&由香里☆結婚1周年☆おめでとう記念(C2),1勝以下,ハットメリリー,1,99.9,タワークライマー,8,99.1,シュンレツ,3,65.5,ハットメリリー,1,クイーンオブロード,2,エイシンオナーズ,7,True,False,0,False,0,False,0,0,0,,,,
2026-04-10,202646041003,C27,1勝以下,ロングサクセション,9,95.8,エイシンセラフィム,4,79.2,ギャクテンオー,8,10.5,ロングサクセション,9,ライトニングラン,5,エイシンセラフィム,4,True,False,0,True,230,False,0,0,0,,,,
2026-04-10,202648041005,C8組,1勝以下,アイタロオ,9,91.3,バイマイセルフ,11,70.7,ミッションアイズ,5,30.4,パルジファル,2,アイタロオ,9,バイマイセルフ,11,True,False,0,True,310,False,0,0,0,,,,
2026-04-10,202648041006,蘭ちゃん1歳バースデイ(B),1勝以下,ドリームトリップ,7,93.5,ダイタエリュシオン,4,92.7,カンタカナリート,8,76.7,ダイタエリュシオン,4,カンタカナリート,8,ドリームトリップ,7,True,False,0,True,180,False,0,0,0,,,,
2026-04-10,202645041003,3歳8,1勝以下,シナノフラッシュ,8,99.0,トラストテンホー,7,88.5,テンザンパパ,4,17.3,シナノフラッシュ,8,ヨミイ,1,テンザンパパ,4,True,False,0,False,0,False,0,0,0,,,,
2026-04-10,202645041004,鳥語花香賞(3歳),1勝以下,コタダブル,2,89.6,スペースセイラー,1,87.8,カナールレイナ,5,11.7,ロックシュガー,3,コタダブル,2,ベアアスムイ,6,True,False,0,False,0,False,0,0,0,,,,
2026-04-10,202645041006,C3一二,1勝以下,ミレニアムブリッジ,2,76.6,ジンガブリッツ,1,70.8,イノ,8,16.0,イノ,8,ジンガブリッツ,1,ミレニアムブリッジ,2,True,False,0,True,260,False,0,0,0,,,,
2026-04-10,202646041006,C24,1勝以下,マードラド,2,92.5,アルマイナンナ,3,91.0,ビックゲート,5,3.7,アルマイナンナ,3,リアンジュ,4,アイルシャンス,1,False,False,0,False,0,False,0,0,0,,,,
2026-04-10,202646041007,C23,1勝以下,フィエールガール,4,97.3,シェーンシュタット,8,88.4,ネモフィラ,7,3.9,ルビープリンセス,6,フィエールガール,4,パンツタイショウ,9,True,False,0,False,0,False,0,0,0,,,,
2026-04-10,202648041008,B9組,1勝以下,フォアファン,1,94.5,ピコブルー,4,94.6,デスティニーホープ,3,86.9,ピコブルー,4,オンワードセルフ,11,メイショウライメイ,9,False,False,0,False,0,False,0,0,0,,,,
2026-04-10,202648041009,桜餅賞(3歳),1勝以下,クインズツバキ,5,98.3,フォールティア,11,93.2,マイネルメテオーラ,3,7.0,タガノナッシュビル,6,クインズツバキ,5,フィアマネラ,10,True,False,0,False,0,False,0,0,0,,,,
2026-04-10,202648041010,八重桜特別(A),1勝以下,エイシンガウディ,6,97.8,フリッパー,2,91.2,オニジオオタニ,4,6.6,フリッパー,2,エイシンガウディ,6,カサデガ,9,True,False,0,True,200,False,0,0,0,,,,
2026-04-10,202645041008,C1一二,1勝以下,ブラッドライン,10,82.3,パイロデキセキ,4,75.3,ノーブルウィスパー,6,5.8,パイロデキセキ,4,ピースシャイニー,5,ビコーズウイキャン,9,False,False,0,False,0,False,0,0,0,,,,
2026-04-10,202645041009,C1一二,1勝以下,デルマプルシャ,10,97.8,ベルエアキング,1,95.6,アイノシャンティー,3,36.1,デルマプルシャ,10,モウ,12,シエルラビクトア,7,True,False,0,False,0,False,0,0,0,,,,
2026-04-10,202646041008,にゃりステ記念(C2),1勝以下,エイユーサブリナ,9,99.0,マリアディオーサ,7,97.3,プライムライン,4,94.8,プライムライン,4,マリアディオーサ,7,タッチザシーリング,1,False,False,0,False,0,False,0,0,0,,,,
2026-04-10,202648041011,春爛漫特別(3歳),1勝以下,マイネルモンテュス,7,99.1,タガノアイゼン,10,95.6,カレンショー,6,17.5,タガノアイゼン,10,ハンドフル,5,マイネルモンテュス,7,True,False,0,True,160,False,0,0,0,,,,
2026-04-10,202645041011,桜吹雪特別(B1B2),1勝以下,ドリームジャパン,2,95.2,グーヴェルナイユ,4,93.0,ホッコーソムニウム,1,68.4,グーヴェルナイユ,4,ティルドーン,10,ホッコーソムニウム,1,False,False,0,False,0,False,0,0,0,,,,
2026-04-10,202645041012,ファイナルアンサー賞(B3),1勝以下,ヴィルミーキスミー,3,94.1,エムティワイザー,2,93.6,アーサ,5,81.1,ヴィルミーキスミー,3,クロームウルフ,10,エムティワイザー,2,True,False,0,True,220,False,0,0,0,,,,
2026-04-10,202646041011,楽天競馬で馬券を買おう!楽天競馬特別(A1),1勝以下,キュムロンニンバス,1,93.0,ローズピリオド,9,80.6,デルマアートマン,6,35.7,キュムロンニンバス,1,デルマアートマン,6,ローズピリオド,9,True,False,0,True,110,False,0,0,0,,,,
2026-04-10,202646041012,能登復興支援 宇出津賞(B2),1勝以下,トウショウクラウド,2,97.1,セキレイ,3,87.1,インターシア,1,28.5,トーアカフウ,4,トウショウクラウド,2,セキレイ,3,True,False,0,True,170,False,0,0,0,,,,
2026-04-11,202655041101,3歳ー6組,1勝以下,クーレスト,4,96.6,ビッキーセカンド,11,86.1,ニシノヒンメル,7,75.3,ゴーゴーコクラ,1,スピネルテソーロ,10,ニシノヒンメル,7,False,False,0,False,0,False,0,0,0,,,,
2026-04-11,202654041102,3歳ー3,1勝以下,ガディスビクトリア,1,96.1,スレイラー,7,90.0,シデンイッセン,6,2.1,スレイラー,7,シデンイッセン,6,ビラトリチャーム,3,False,False,0,False,0,False,0,0,0,,,,
2026-04-11,202654041103,3歳ー2,1勝以下,フランジパーヌ,5,99.9,エートゥージー,2,76.0,サンフラワームーン,1,56.2,サンフラワームーン,1,ブラックオレンジ,6,フランジパーヌ,5,True,False,0,False,0,False,0,0,0,,,,
2026-04-11,202654041104,Bー3,1勝以下,サンダーゼウス,3,99.6,オーラビルス,5,81.0,キャッツライズ,8,72.3,サンダーゼウス,3,キャッツライズ,8,ゲンパチレオニダス,2,True,False,0,False,0,False,0,0,0,,,,
2026-04-11,202655041102,メモリアルカップ(C2),1勝以下,スノーサウンド,10,96.4,ウインブランカ,8,86.6,ヴァシーオ,5,12.9,ウインブランカ,8,フクライキリシマ,1,スノーサウンド,10,True,False,0,True,120,False,0,0,0,,,,
2026-04-11,202655041104,九千部山賞,1勝以下,ビキニボーイ,10,99.7,コスモファルネーゼ,7,88.5,パトリオットゲーム,2,8.5,オオイチョウ,3,ムーンオブザエース,11,ビキニボーイ,10,True,False,0,False,0,False,0,0,0,,,,
2026-04-11,202655041105,おおぐま座特選(C2),1勝以下,フェールアシュバル,10,86.1,アロガントシェイム,3,81.7,リネンフラッシュ,7,12.0,アナザーヴィータ,8,フェールアシュバル,10,デリングシチー,4,True,False,0,False,0,False,0,0,0,,,,
2026-04-11,202654041106,C3ー10,1勝以下,ジョーコモド,11,99.0,アンヘルカイド,6,85.9,ディヴァージオン,12,6.9,ハバナローズ,5,ジョーコモド,11,フェレスアダマス,8,True,False,0,False,0,False,0,0,0,,,,
2026-04-11,202654041107,C3ー9,1勝以下,メイショウフジタカ,10,99.1,ロイヤルダンス,8,97.7,グランツアーテム,4,96.3,メイショウフジタカ,10,グランツアーテム,4,ロイヤルダンス,8,True,False,0,True,120,False,0,0,0,,,,
2026-04-11,202654041108,C3ー7,1勝以下,ビッグバンドビート,9,91.7,マイネルビジョン,6,89.9,トーアグッドラック,2,2.8,コノヨルヲトメテヨ,8,トーアグッドラック,2,イカホ,7,False,False,0,False,0,False,0,0,0,,,,
2026-04-11,202654041109,Bー2,1勝以下,スピードイエロー,9,99.9,イナフセド,6,92.6,ビックス,7,10.0,イナフセド,6,ラプラス,2,フユソウビ,4,False,False,0,False,0,False,0,0,0,,,,
2026-04-11,202655041106,C2ー6組,1勝以下,アーチーテソーロ,4,100.0,ライウ,8,90.4,カオリチャン,3,84.2,アーチーテソーロ,4,フェリマール,11,ライウ,8,True,False,0,True,150,False,0,0,0,,,,
2026-04-11,202655041108,アイリス賞(C1),1勝以下,ベルシャイニー,1,97.4,リヴァイデント,8,96.5,ナンゴクキャンドル,7,5.2,ルーメン,2,ベルシャイニー,1,ナンゴクキャンドル,7,True,False,0,False,0,False,0,0,0,,,,
2026-04-11,202654041110,工石山特別(B),1勝以下,フォルテローザ,10,96.3,リューノス,6,84.4,ウインアウォード,7,70.0,ヴァンケドミンゴ,4,ミズワリヲクダサイ,5,フォルテローザ,10,True,False,0,False,0,False,0,0,0,,,,
2026-04-11,202654041111,ファイナルレース(C3),1勝以下,メイショウハマギク,10,96.2,メイショウホウセン,7,88.0,カプセル,12,8.1,カプセル,12,メイショウハマギク,10,ハチキンムスメ,11,True,False,0,False,0,False,0,0,0,,,,
2026-04-11,202655041111,SAGAリベンジャーズウェルカム(3歳),1勝以下,パルストリス,3,90.9,ケンブリッジルプス,7,90.6,アメアメフレフレ,4,9.5,テイエムカミカゼ,1,エクセレンプライム,9,パルストリス,3,True,False,0,False,0,False,0,0,0,,,,
2026-04-12,202636041201,C2,1勝以下,パームアイル,5,99.5,スフォルツオ,2,97.5,カンビフレサン,3,71.3,パームアイル,5,エンジェルスラップ,7,カンビフレサン,3,True,False,0,False,0,False,0,0,0,,,,
2026-04-12,202636041202,C2十組,1勝以下,ディーヴァドリーム,3,99.8,オーロプロサングエ,2,90.3,ハクアイドリーム,5,63.2,ディーヴァドリーム,3,オーロプロサングエ,2,ハクアイドリーム,5,True,False,0,True,140,False,0,0,0,,,,
2026-04-12,202636041203,C2九組,1勝以下,シャイニーメイン,8,81.6,トーセンオリジン,4,75.8,リメリック,1,1.9,シャイニーメイン,8,ジーティービート,7,カニフ,6,True,False,0,False,0,False,0,0,0,,,,
2026-04-12,202646041202,C213,1勝以下,ゴールドリバース,1,97.9,ヴィオラダンサー,3,75.2,ヴェリーヌ,7,24.1,ゴールドリバース,1,ドゥフトブリューテ,9,ヴィオラダンサー,3,True,False,0,True,250,False,0,0,0,,,,
2026-04-12,202636041205,3歳C1二組,1勝以下,ボグラーモデル,6,97.9,キタノボストン,11,95.2,モーニングスズラン,5,6.4,ボグラーモデル,6,トーセンクリステル,12,モーニングスズラン,5,True,False,0,False,0,False,0,0,0,,,,
2026-04-12,202636041206,3歳C1一組,1勝以下,フラゲルムデイ,3,98.9,キャスパン,9,73.1,ラペイエ,10,6.5,リケアペンネ,7,キャスパン,9,ラペイエ,10,False,False,0,False,0,False,0,0,0,,,,
2026-04-12,202636041207,C1,1勝以下,シキ,9,98.3,ブラウオリゾン,10,91.0,クーラント,3,6.3,アイルビーゼア,5,シキ,9,クーラント,3,True,False,0,False,0,False,0,0,0,,,,
2026-04-12,202646041203,C212,1勝以下,アドバンスドリーム,7,97.2,ブレードダンシング,4,94.8,ウチョウテン,2,2.6,デルタニュートラル,9,アドバンスドリーム,7,ブレードダンシング,4,True,False,0,True,140,False,0,0,0,,,,
2026-04-12,202646041204,高瀬さん海外赴任おめでとう記念(C2),1勝以下,イサムダイヤモンド,6,98.1,ノエル,4,96.4,ソラムパレード,8,3.0,クレイプマートル,7,ハクサンアンタレス,5,ノエル,4,False,False,0,False,0,False,0,0,0,,,,
2026-04-12,202646041205,ウマ娘トラベルポップアップストア金沢記念(C2),1勝以下,ビヨンドザシーン,7,98.7,ドリームスパート,4,96.3,ゴールドアバンティ,1,10.8,ビヨンドザシーン,7,ドリームスパート,4,ズッシーノ,8,True,False,0,True,160,False,0,0,0,,,,
2026-04-12,202654041201,3歳ー7,1勝以下,セントポールヒロ,4,89.3,ファーストシーン,1,69.5,コンヴァーンクル,3,68.3,タイムトゥパーティ,6,ファーストシーン,1,コンヴァーンクル,3,False,False,0,False,0,False,0,0,0,,,,
2026-04-12,202655041201,3歳ー8組,1勝以下,シルバークラフト,3,98.3,クイーンサーガ,10,93.8,ニシノナスタチウム,7,92.6,クイーンサーガ,10,シルバークラフト,3,ハガクレノハタ,8,True,False,0,True,130,False,0,0,0,,,,
2026-04-12,202655041202,3歳ー7組,1勝以下,ボンスヴニール,8,95.4,スフェーンテソーロ,4,92.3,アデレード,1,1.3,スフェーンテソーロ,4,ボンスヴニール,8,リュウノプティ,3,True,False,0,True,100,False,0,0,0,,,,
2026-04-12,202636041208,C1,1勝以下,プロヴァー,6,97.5,オラフ,8,72.1,グレイスショコラ,9,25.7,リースアンドリボン,2,キッカケ,4,プロヴァー,6,True,False,0,False,0,False,0,0,0,,,,
2026-04-12,202636041210,岩手伝統工芸 秀衡塗賞(C1),1勝以下,ブローヴェイス,5,85.8,ライコウノヒカリ,7,84.8,ミドリタツ,1,28.1,ブローヴェイス,5,アルカナエ,11,ゴールドクレスト,12,True,False,0,False,0,False,0,0,0,,,,
2026-04-12,202636041211,C1一組,1勝以下,キタノコンドル,6,91.5,アルファシリウス,11,86.0,ティラージュ,5,23.2,ミライヘノシンゲキ,8,キタノコンドル,6,アルファシリウス,11,True,False,0,True,220,False,0,0,0,,,,
2026-04-12,202646041206,能登復興支援 桜峠特別(C2),1勝以下,ディーノサンライズ,9,89.3,グランヴァルール,8,72.6,ダイユウボンバー,6,4.0,グランヴァルール,8,ディーノサンライズ,9,ダイユウボンバー,6,True,False,0,True,200,False,0,0,0,,,,
2026-04-12,202646041207,結翔入学おめでとう!中学生がん馬って記念(B2),1勝以下,フクノエヴリー,4,87.7,カミチャ,7,70.3,アイオラナキラ,8,16.0,フクノエヴリー,4,キャラハンテソーロ,2,ソングフォーユー,3,True,False,0,False,0,False,0,0,0,,,,
2026-04-12,202646041208,JBCイヤー記念【利家盃TR】重賞,1勝以下,リュウノブレイク,4,95.8,ナミダノキス,10,89.4,ハクサンツキミテイ,1,56.0,ハクサンツキミテイ,1,リュウノブレイク,4,ナミダノキス,10,True,False,0,True,170,False,0,0,0,,,,
2026-04-12,202654041203,3歳ー5,1勝以下,マインセーラ,10,99.6,クリュメノス,7,97.4,キーチデッドミラー,9,78.9,キーチデッドミラー,9,マインセーラ,10,シデレウス,4,True,False,0,False,0,False,0,0,0,,,,
2026-04-12,202654041205,フルーツトマト特別(C3),1勝以下,ハチャプリ,4,84.0,タッカー,7,75.9,セージブラッシュ,9,9.1,ブリスディーシャ,3,フロスティクォーツ,1,タッカー,7,False,False,0,False,0,False,0,0,0,,,,
2026-04-12,202655041203,C2ー5組,1勝以下,ロイヤルキャピタル,9,96.1,クリーンスレイト,8,91.7,エイルドゥノン,2,7.5,カシノメンコチャン,3,サーマル,5,バティックオーレ,7,False,False,0,False,0,False,0,0,0,,,,
2026-04-12,202655041204,C2ー4組,1勝以下,チェストイケ,8,86.6,アンティジャミーラ,2,76.1,シントーローズ,9,7.6,ハインズテソーロ,7,フライングモンキー,10,ウインクルキセキ,1,False,False,0,False,0,False,0,0,0,,,,
2026-04-12,202655041205,C2ー3組,1勝以下,スマートロベール,1,82.3,タケノリッチ,10,81.3,シーザサンライズ,6,75.7,シーザサンライズ,6,アスターニルギリ,9,タケノリッチ,10,False,False,0,False,0,False,0,0,0,,,,
2026-04-12,202636041212,スプリント特別OP,1勝以下,エイシントルペード,6,99.9,レディーティアラ,1,99.3,グアドループ,3,55.0,エイシントルペード,6,リリーコレール,5,クリダーム,8,True,False,0,False,0,False,0,0,0,,,,
2026-04-12,202646041209,B22,1勝以下,エイトビートレター,2,98.7,テンクウフラワー,3,83.5,テリオスルナ,9,11.7,ドンリュウスター,7,レッドロムルス,8,サルジュ,6,False,False,0,False,0,False,0,0,0,,,,
2026-04-12,202646041210,スマホで投票!楽天競馬特別(B2),1勝以下,ケンロクシャルモン,3,96.1,サンエスペランス,9,78.9,メイショウゴルシ,6,61.1,ケンロクシャルモン,3,サンエスペランス,9,ヒヤ,5,True,False,0,True,180,False,0,0,0,,,,
2026-04-12,202654041207,C3ー14,1勝以下,スキュア,8,100.0,マッハレイジング,11,99.4,イッパツギャクテン,10,87.4,スキュア,8,イッパツギャクテン,10,アキロック,6,True,False,0,False,0,False,0,0,0,,,,
2026-04-12,202655041206,佐賀がばいスプリント重賞,1勝以下,デルマベルセブブ,1,33.2,タイキマクスウェル,4,32.2,エイシンアンヴァル,6,30.9,ツークフォーゲル,9,テイエムランウェイ,5,エイシンアンヴァル,6,False,False,0,False,0,False,0,0,0,,,,
2026-04-12,202655041208,サガデーナイト競馬賞(C1),1勝以下,エイシンラーラ,9,99.1,ルミリオン,3,82.8,リネンドライブ,2,8.3,リケアブラック,10,ビービーダイゴ,4,エイシンラーラ,9,True,False,0,False,0,False,0,0,0,,,,
2026-04-12,202655041209,ネメシア賞(B),1勝以下,ハスラー,7,99.6,ビーチボーイ,5,89.2,サンサラン,6,27.6,エムティピース,10,サンサラン,6,ダンスインザリング,4,False,False,0,False,0,False,0,0,0,,,,
2026-04-12,202654041210,Aー2,1勝以下,エスケンドリーム,3,94.3,ワイドカント,4,72.9,フォーサイドナイン,6,12.6,ロードレイライン,1,エスケンドリーム,3,グラティアスグー,8,True,False,0,False,0,False,0,0,0,,,,
2026-04-12,202654041211,ファイナルレース(C3),1勝以下,ララハカランダ,5,99.5,ハプスブルグ,12,76.5,シルバーニース,4,67.2,ララハカランダ,5,ハプスブルグ,12,エターナルライズ,8,True,False,0,True,450,False,0,0,0,,,,
2026-04-12,202655041210,清明特選(C2),1勝以下,セーデルマンランド,6,94.8,ベンデュガ,1,89.3,ノーブルプロセス,12,7.4,セーデルマンランド,6,ミスレモン,9,ブルーフレーム,3,True,False,0,False,0,False,0,0,0,,,,
2026-04-12,202655041211,SAGAリベンジャーズドリーム(3歳),1勝以下,ハイヴァン,8,97.7,テイエムスワーブ,3,95.9,クラウンプレゼンタ,9,9.3,テイエムスワーブ,3,アメリカンロマン,11,マサノハヤブサ,6,False,False,0,False,0,False,0,0,0,,,,
2026-04-13,202636041301,C2,1勝以下,ギフテッドアベリア,9,97.1,コルレーニョ,6,62.8,レーニス,8,20.1,プレイフルネス,3,コルレーニョ,6,ギフテッドアベリア,9,True,False,0,True,240,False,0,0,0,,,,
2026-04-13,202636041302,C2,1勝以下,フォルテース,8,99.8,ゴープラチナム,4,97.5,ネオアンコーラ,2,14.3,ゴープラチナム,4,ダンストンローザ,10,ヒガシブレーヴ,1,False,False,0,False,0,False,0,0,0,,,,
2026-04-13,202636041303,C2七組,1勝以下,アレグロコンブリオ,1,84.7,アルデムラータ,8,77.4,ホロヨイマンゲツ,5,18.4,クレーンパーディタ,7,アレグロコンブリオ,1,アルデムラータ,8,True,False,0,True,320,False,0,0,0,,,,
2026-04-13,202636041304,C2六組,1勝以下,ミツカネスコーピオ,2,93.9,オンザバサラ,5,90.8,レースラヴェンダー,1,2.2,ロッサヴィール,8,オンザバサラ,5,サンライズダマシイ,7,False,False,0,False,0,False,0,0,0,,,,
2026-04-13,202636041305,C2五組,1勝以下,ブリスタイム,4,99.7,ピースワンドルチェ,6,83.9,リュウノバデン,2,7.4,ブリスタイム,4,ピースワンドルチェ,6,キタノクーヴェル,7,True,False,0,True,200,False,0,0,0,,,,
2026-04-13,202636041306,3歳C2二組,1勝以下,メロウアンバー,6,97.6,ピッタンヌンムル,4,96.4,バラノキシ,5,11.7,メロウアンバー,6,ピッタンヌンムル,4,ノボグリーンアップ,8,True,False,0,True,150,False,0,0,0,,,,
2026-04-13,202636041307,3歳C2一組,1勝以下,ディオスデルマール,4,85.9,キタノモテック,8,83.9,スピードブラッシュ,5,0.7,ディオスデルマール,4,ワイルドグレイス,6,ヴィーナスキック,9,True,False,0,False,0,False,0,0,0,,,,
2026-04-13,202644041301,C3六七,1勝以下,ドッチナンダイ,2,80.2,ヘデンバージャイト,4,66.8,エクスプローラー,13,10.0,スコッチキルト,7,ウォーバックス,3,サブノルアナ,11,False,False,0,False,0,False,0,0,0,,,,
2026-04-13,202644041302,C3六七,1勝以下,レッドフローガ,6,91.9,ルカリリ,7,64.4,シャムトラダイコウ,11,14.2,ルカリリ,7,ストロングフレイヤ,2,コーリングヘニー,9,False,False,0,False,0,False,0,0,0,,,,
2026-04-13,202644041303,3歳1415,1勝以下,ノイエスジール,10,81.1,セルフエース,3,80.4,ココミサイル,7,1.4,マエストーソギャル,6,セルフエース,3,ホップステップ,9,False,False,0,False,0,False,0,0,0,,,,
2026-04-13,202648041301,3歳4組,1勝以下,スティールアゲート,11,88.9,ボンジュールサヴァ,4,85.2,フェスティヴニーサ,1,60.5,トントンビョウシ,7,ボンジュールサヴァ,4,サリー,8,False,False,0,False,0,False,0,0,0,,,,
2026-04-13,202648041302,3歳3組,1勝以下,シーズンシート,2,97.5,モリインビクタス,10,87.8,ナチュラルブレイク,7,71.0,シーズンシート,2,モリインビクタス,10,オーヴイシャイン,3,True,False,0,True,330,False,0,0,0,,,,
2026-04-13,202648041303,C7組,1勝以下,フクノジョヴァンニ,4,91.7,アヤチャンス,2,83.6,ノブノリオウ,9,2.9,フクノジョヴァンニ,4,カスミヅキ,10,イブシギン,3,True,False,0,False,0,False,0,0,0,,,,
2026-04-13,202636041309,C1四組,1勝以下,ビーマジカル,7,92.7,ファンシーデイ,5,89.5,ティーライトニング,4,11.3,モンサンイルベント,8,サンスズラン,6,ヤマニンエピクーレ,1,False,False,0,False,0,False,0,0,0,,,,
2026-04-13,202636041310,オレンジプリンセス賞(C1),1勝以下,クラインシュミット,3,96.8,タナキーボー,1,78.2,ピュアマケナ,11,58.2,クラインシュミット,3,タナキーボー,1,キタノヴァリュー,7,True,False,0,True,290,False,0,0,0,,,,
2026-04-13,202636041311,若草特別(A),1勝以下,ジョリーロジャー,8,93.6,ウイニングライブ,2,79.7,サンエイコンドル,4,11.4,ケープライト,7,ウイニングライブ,2,キャンドルベリー,1,False,False,0,False,0,False,0,0,0,,,,
2026-04-13,202644041304,3歳1415,1勝以下,エヴリドリーム,8,85.3,ロールモデル,5,79.6,ナックポピー,3,4.1,マジックエレガンス,6,ナックポピー,3,エイユークック,1,False,False,0,False,0,False,0,0,0,,,,
2026-04-13,202644041305,3歳1213,1勝以下,サヨノサイレンス,9,97.4,ロックイットダウン,12,92.9,デスピナ,3,3.1,アタックオフェール,2,ロックイットダウン,12,ココクイック,7,False,False,0,False,0,False,0,0,0,,,,
2026-04-13,202644041306,3歳1213,1勝以下,グロリアスワールド,11,94.8,シーフレッシュ,8,87.9,アースフレンドリー,4,0.9,シーフレッシュ,8,シジミノヒナコ,7,クリスバローズ,6,False,False,0,False,0,False,0,0,0,,,,
2026-04-13,202644041307,クラシックチャレンジ競走(3歳)OP,1勝以下,ロードルーチェ,1,92.5,アスコットミヤギ,6,79.2,ディアシンバ,2,40.9,ベイビーザロック,8,ロードルーチェ,1,アスコットミヤギ,6,True,False,0,True,280,False,0,0,0,,,,
2026-04-13,202648041304,C6組,1勝以下,サンライズプロミス,7,94.0,エピックサイクル,1,81.5,ノイエムジーク,6,75.3,サンライズプロミス,7,ヤモリアツマレ,4,ウィッティングハム,3,True,False,0,False,0,False,0,0,0,,,,
2026-04-13,202648041306,きたさん、えりさん披露宴記念日(C),1勝以下,バイバイダーリン,2,98.6,ショウリュウアサヒ,8,80.1,チョウハチ,5,14.9,バイバイダーリン,2,ベレーザフィン,7,ジュンベルベット,9,True,False,0,False,0,False,0,0,0,,,,
2026-04-13,202648041307,桜湯賞(C),1勝以下,ボル,7,99.3,ジェイエルハーバー,2,70.1,タイセイフォルテ,1,9.0,ボル,7,アスタリウス,5,セルリアンドロップ,4,True,False,0,False,0,False,0,0,0,,,,
2026-04-13,202636041312,陽春特別(A),1勝以下,レールガン,7,85.5,キタノブライド,2,70.5,クリコマ,5,15.5,キタノブライド,2,チアフルヴォイス,10,バトルバーリライ,6,False,False,0,False,0,False,0,0,0,,,,
2026-04-13,202644041308,ビアーグルト賞(C214),1勝以下,トップダイヤ,7,88.4,シャンクドール,12,67.0,マジェスティルール,9,14.3,サトノビーツ,6,ジルクン,1,ベルベットハンマー,11,False,False,0,False,0,False,0,0,0,,,,
2026-04-13,202644041309,プリマヴェーラ賞競走(B1),1勝以下,アドマイヤエイジア,1,95.0,マイネルサブマリン,3,93.1,マイネルボンバー,5,18.5,アドマイヤエイジア,1,マイネルボンバー,5,マイネルサブマリン,3,True,False,0,True,310,False,0,0,0,,,,
2026-04-13,202648041308,B13組,1勝以下,カリビアンブルー,8,90.2,ロックマジェスティ,9,89.7,ウェイキー,4,13.1,ディプタルアスール,6,ハッピードリーム,1,ヴァルドグラース,10,False,False,0,False,0,False,0,0,0,,,,
2026-04-13,202648041309,桜衣賞(C),1勝以下,フレッシュノワール,9,93.6,テーオーニルソン,5,82.4,フリューゲル,4,7.2,バイアンドホールド,2,フィナルフェリス,10,エドノバイオレット,6,False,False,0,False,0,False,0,0,0,,,,
2026-04-13,202648041310,桜雲特別(C),1勝以下,サトノアルタイル,10,99.8,ユイットムーラン,11,91.7,キスメット,1,38.4,サトノアルタイル,10,ユイットムーラン,11,スキルハンター,6,True,False,0,True,140,False,0,0,0,,,,
2026-04-13,202644041311,木の芽坂賞競走(B3),1勝以下,ラブリールチア,8,96.3,ココナッツガーデン,2,87.2,ユーヒナタ,6,8.1,ココナッツガーデン,2,ヘニングセン,4,ニシノシークレット,1,False,False,0,False,0,False,0,0,0,,,,
2026-04-13,202644041312,C2131415(C214),1勝以下,ステートオブロック,12,99.1,アウスラフラッグ,3,67.2,エムティキング,5,67.1,ステートオブロック,12,キルコネクション,8,リュウノワールド,4,True,False,0,False,0,False,0,0,0,,,,
2026-04-13,202648041311,夜桜特別(A),1勝以下,ウィットビーアビー,7,98.6,ソーラレイ,1,86.0,リュウノドラゴン,4,58.0,ウィットビーアビー,7,ソーラレイ,1,ミスティライラック,5,True,False,0,True,120,False,0,0,0,,,,
2026-04-13,202648041312,B12組,1勝以下,オイナリサン,1,91.0,リヴァスピナー,11,84.2,プルメリアリング,6,22.5,リヴァスピナー,11,バヤシーフェイス,9,ラブリーセナ,3,False,False,0,False,0,False,0,0,0,,,,
2026-04-14,202636041401,C2四組,1勝以下,ハナカホノカ,4,85.9,キタノパッション,5,66.4,クレストライン,3,35.9,ハナカホノカ,4,クレストライン,3,キタノパッション,5,True,False,0,True,290,False,0,0,0,,,,
2026-04-14,202636041403,C2二組,1勝以下,エコセーズ,3,97.8,ステップ,7,84.9,ヒメカミノメガミ,5,5.2,ベアビリーブ,9,ステップ,7,トキノワンカラット,8,False,False,0,False,0,False,0,0,0,,,,
2026-04-14,202636041404,C2一組,1勝以下,トチノヒーロー,8,95.1,ミヤギヴォイジャー,1,77.1,バエル,4,2.8,タワーリシチ,2,トチノヒーロー,8,マルケイフォルテ,10,True,False,0,False,0,False,0,0,0,,,,
2026-04-14,202647041402,C19組,1勝以下,マーゴットジェム,6,99.0,ウインクルホープ,2,97.0,ペティトール,3,7.1,ウインクルホープ,2,マーゴットジェム,6,トゥライトゥーラ,8,True,False,0,True,150,False,0,0,0,,,,
2026-04-14,202647041403,エイプリル特別(AB),1勝以下,スマートテンペスト,1,91.9,オレンタノ,4,71.6,アルマヘクトール,9,12.7,ニホンピロポート,6,オレンタノ,4,ロンリープラネット,10,False,False,0,False,0,False,0,0,0,,,,
2026-04-14,202647041404,C18組,1勝以下,モランゴ,8,81.9,オドントグロッサム,3,78.8,スペキュレーター,5,12.2,モランゴ,8,タンバリュー,4,トーセンパッソ,2,True,False,0,False,0,False,0,0,0,,,,
2026-04-14,202650041401,C3二,1勝以下,ヴァリラプトル,1,98.9,メタルメタリカ,7,70.8,ユーアーマイソウル,4,7.9,プライムテーラー,9,ヴァリラプトル,1,メタルメタリカ,7,True,False,0,True,160,False,0,0,0,,,,
2026-04-14,202650041402,C3一,1勝以下,カレンパンピナップ,2,99.6,コスモカピタン,9,80.2,スマートイザナミ,5,80.1,コスモカピタン,9,スマートイザナミ,5,ワンダーブレス,4,False,False,0,False,0,False,0,0,0,,,,
2026-04-14,202650041404,香合新田ダッシュC3,1勝以下,ヴェルサイユドール,11,92.4,トップザスマイル,12,69.4,チョウハクタカ,5,7.7,メイショウボヌール,9,トップザスマイル,12,ニシノミニョンヌ,3,False,False,0,False,0,False,0,0,0,,,,
2026-04-14,202650041406,C3一,1勝以下,レーヌガレット,1,87.0,ベラジオマサキ,7,66.7,アブラカタブラ,5,23.4,バイカル,10,ベラジオマサキ,7,レーヌガレット,1,True,False,0,True,230,False,0,0,0,,,,
2026-04-14,202650041407,C2一,1勝以下,ジーティーエイト,5,99.8,ブラッドショー,1,97.2,サファリ,6,2.3,ジーティーエイト,5,ブラッドショー,1,ナリタセレーノ,2,True,False,0,True,190,False,0,0,0,,,,
2026-04-14,202636041405,C1,1勝以下,ロジマスタング,6,97.6,キタノブルーアレツ,10,75.3,メイショウミザオ,5,63.5,ロジマスタング,6,キタノブルーアレツ,10,メイショウミザオ,5,True,False,0,True,210,False,0,0,0,,,,
2026-04-14,202636041406,C1,1勝以下,カイトリヒト,4,94.7,ロベルタカリーナ,3,83.0,ネオシャクナゲ,5,63.6,ノンロム,8,ロベルタカリーナ,3,ネオシャクナゲ,5,False,False,0,False,0,False,0,0,0,,,,
2026-04-14,202636041407,C1,1勝以下,ウインディ,3,88.2,ヴィクトリアランド,10,85.5,コスモピエドラ,8,15.9,ウインディ,3,ヴィクトリアランド,10,ビームービー,5,True,False,0,True,240,False,0,0,0,,,,
2026-04-14,202636041408,C1,1勝以下,チムドンドン,7,82.7,サクラトップラン,8,64.4,カウンターアタック,1,17.7,サクラトップラン,8,ウテナ,11,ヒロスズラン,2,False,False,0,False,0,False,0,0,0,,,,
2026-04-14,202644041401,3歳九十11(3歳十),1勝以下,ミドルマン,4,90.9,フォーカス,12,85.8,オーシャンクロノス,7,18.6,ニュークチュール,6,シンシア,9,ミドルマン,4,True,False,0,False,0,False,0,0,0,,,,
2026-04-14,202644041402,3歳九十11(3歳十),1勝以下,エムジェイベリー,1,96.1,ホーリーモミジ,4,90.3,フジパールマン,5,5.4,エムジェイベリー,1,カンノンピョンタ,10,カチョカヴァロ,6,True,False,0,False,0,False,0,0,0,,,,
2026-04-14,202644041403,3歳九十11(3歳十),1勝以下,ローズルーチェ,11,97.7,ヨアケ,9,97.3,ピオニー,4,64.3,ピオニー,4,ゴールデンルチル,1,プレストセプター,3,False,False,0,False,0,False,0,0,0,,,,
2026-04-14,202647041405,C17組,1勝以下,ヒカルノナギー,8,92.6,ニシノステディミキ,6,83.4,リコネクト,7,25.4,ジュエリーメモリー,5,ニシノステディミキ,6,ココロエ,3,False,False,0,False,0,False,0,0,0,,,,
2026-04-14,202647041407,C15組,1勝以下,コンヴェックス,2,94.3,ニホンピロベスパー,6,76.2,グレートジーンズ,1,3.2,ネバーランドリーム,4,グレートジーンズ,1,ニホンピロベスパー,6,False,False,0,False,0,False,0,0,0,,,,
2026-04-14,202650041408,B2,1勝以下,エイシンジャスパー,7,99.5,キーチファイター,4,84.7,メリーセンス,6,82.8,メリーセンス,6,エイシンジャスパー,7,ララモンドール,5,True,False,0,False,0,False,0,0,0,,,,
2026-04-14,202650041409,3歳AB,1勝以下,ロングラスティング,7,89.4,オーロヴェント,3,88.1,モンサンヴェロニカ,5,84.6,ロングラスティング,7,ナムラパピ,9,エーチャン,11,True,False,0,False,0,False,0,0,0,,,,
2026-04-14,202650041410,3歳A,1勝以下,エイシンリガーズ,10,99.1,アジムット,7,72.4,スターアイセーラ,11,5.0,エイシンリガーズ,10,アジムット,7,エーデルリッター,5,True,False,0,True,270,False,0,0,0,,,,
2026-04-14,202636041409,C1,1勝以下,コンバットスプーン,1,98.8,クリノサクセス,2,60.6,オブジェダート,11,15.0,ヴィグルズマン,12,コンバットスプーン,1,ヤマニンファリダ,3,True,False,0,False,0,False,0,0,0,,,,
2026-04-14,202636041410,C1,1勝以下,ノヴェルウェイ,6,99.3,ピースワンジョケル,3,95.6,コルヴィーナ,10,53.8,ノヴェルウェイ,6,ヴィオレーヌ,12,ピースワンジョケル,3,True,False,0,True,170,False,0,0,0,,,,
2026-04-14,202636041411,卯月特別(A),1勝以下,ギャレット,4,93.7,シンヨモギネス,3,72.0,スズカゴウケツ,1,23.7,スズカゴウケツ,1,コスモフロイデ,7,シンヨモギネス,3,False,False,0,False,0,False,0,0,0,,,,
2026-04-14,202644041404,C2十1112(C211),1勝以下,ノーブルプライム,12,84.5,ヴォーグアルタイル,8,65.5,レディヴィクトリア,5,22.0,ナンセイスコピオン,7,ヴォーグアルタイル,8,ハカイシン,2,False,False,0,False,0,False,0,0,0,,,,
2026-04-14,202644041405,C2十1112(C211),1勝以下,ノブレスジャン,10,95.2,メープルピア,8,83.3,ベルジャッド,5,6.8,ノブレスジャン,10,アドリビタム,1,ベルジャッド,5,True,False,0,False,0,False,0,0,0,,,,
2026-04-14,202644041406,C2十1112(C211),1勝以下,エレパイオ,1,96.4,カノアレディー,4,72.4,フオメンタ,7,13.1,エレパイオ,1,サブノモアナ,6,シカレ,10,True,False,0,False,0,False,0,0,0,,,,
2026-04-14,202644041407,C1二,1勝以下,インティコン,9,88.2,ボラボラフレイバー,6,87.4,ストライクノワール,4,52.7,アレグランサ,10,インティコン,9,デュードサンライズ,8,True,False,0,False,0,False,0,0,0,,,,
2026-04-14,202647041409,飛騨高山特別(B),1勝以下,ジンフィンドール,10,77.6,ウインオーブ,4,60.0,ウインバーテックス,8,19.3,ウインオーブ,4,ジンフィンドール,10,シュネルカガ,1,True,False,0,True,1210,False,0,0,0,,,,
2026-04-14,202647041410,B級サバイバル,1勝以下,ミノコクシュタルク,1,96.6,ミユキアモーレミオ,7,90.1,ネオアマゾネス,8,23.4,ジョリーメモリー,5,ネオアマゾネス,8,シュレディンガー,2,False,False,0,False,0,False,0,0,0,,,,
2026-04-14,202650041411,春爛漫特別A2B1,1勝以下,ダイヤグラフ,5,91.2,トランセンデンス,8,74.3,スナークダヴィンチ,9,1.0,ゼンダンスカイ,6,ダイヤグラフ,5,トランセンデンス,8,True,False,0,True,150,False,0,0,0,,,,
2026-04-14,202650041412,モクレン賞C1,1勝以下,ラズライトタッカー,3,94.8,クレスコユウシャ,11,92.4,イスキオス,6,84.2,クレスコユウシャ,11,アウローラルミエル,8,イスキオス,6,False,False,0,False,0,False,0,0,0,,,,
2026-04-14,202636041412,赤松杯重賞,1勝以下,ヒロシクン,1,92.6,リケアカプチーノ,2,89.6,プリンスミノル,9,16.2,ヒロシクン,1,トーセンマッシモ,3,カナオールウェイズ,4,True,False,0,False,0,False,0,0,0,,,,
2026-04-14,202644041408,フラミンゴ・レディ賞(C1),1勝以下,ヴァルチャースター,10,96.2,スイートロータス,2,70.0,クールブリーズ,3,12.5,ヴァルチャースター,10,タールベルク,8,ヒンナ,7,True,False,0,False,0,False,0,0,0,,,,
2026-04-14,202644041409,デネボラ特別競走(C1),1勝以下,シャンデリアソング,10,95.7,ソレエスピアージャ,2,89.7,ティーズアペックス,4,12.3,クインズマカロン,8,ソレエスピアージャ,2,シャンデリアソング,10,True,False,0,True,160,False,0,0,0,,,,
2026-04-14,202644041410,山王坂賞競走(B3),1勝以下,オリージネアリア,5,98.2,ジーベンファルベン,6,96.2,プラチナムロッド,7,2.4,オリージネアリア,5,ウインアイリーン,1,ケンヴィヴァルディ,8,True,False,0,False,0,False,0,0,0,,,,
2026-04-14,202644041411,オメガ賞競走(B1B2),1勝以下,アレスグート,1,97.6,プレストアーサー,4,95.0,メーサンデュラント,8,26.6,プレストアーサー,4,アレスグート,1,キャプテンブルー,11,True,False,0,True,200,False,0,0,0,,,,
2026-04-14,202644041412,C1八九,1勝以下,キタノマティーニ,6,96.4,スマイルケイ,5,55.2,サウンドキングダム,12,18.4,トーランテソーロ,11,スマイルケイ,5,キタノマティーニ,6,True,False,0,True,300,False,0,0,0,,,,
2026-04-15,202647041502,C13組,1勝以下,コスモサンブライト,3,99.4,ウィングコマンダー,5,91.8,エンドオブウォー,8,13.1,セイブザクイーン,2,ミスターヨッシャー,1,スザンナ,7,False,False,0,False,0,False,0,0,0,,,,
2026-04-15,202647041503,C12組,1勝以下,アラウズ,3,94.7,ダットデア,7,73.2,ヤマジュンセーヌ,6,10.4,ホロキキ,2,メモリーフィルム,5,ダットデア,7,False,False,0,False,0,False,0,0,0,,,,
2026-04-15,202650041501,C3三,1勝以下,ハンターキラー,5,99.6,ミッテルライン,2,70.1,ワンダーエルピス,7,10.3,ハンターキラー,5,ワンダーエルピス,7,ノルドステラ,6,True,False,0,False,0,False,0,0,0,,,,
2026-04-15,202650041502,C3二,1勝以下,グティ,10,90.2,バイオサファイア,8,82.3,ラズライトサナ,9,2.7,グティ,10,アーウイン,6,バイオサファイア,8,True,False,0,True,170,False,0,0,0,,,,
2026-04-15,202650041503,C3一,1勝以下,メイショウアラジン,4,100.0,エリカマルゲリータ,2,78.1,エイシンマシーン,10,66.0,メイショウアラジン,4,チョッピー,7,ラブユーサクラ,6,True,False,0,False,0,False,0,0,0,,,,
2026-04-15,202650041504,売布ガ丘ダッシュC2二,1勝以下,ノルディア,10,98.8,ラベンサラ,8,80.1,プエルトガレラ,1,10.6,オーシンキャンディ,12,ノルディア,10,プエルトガレラ,1,True,False,0,False,0,False,0,0,0,,,,
2026-04-15,202650041505,社町スプリント3歳C1,1勝以下,タイムレスラブ,10,91.9,シェナスカイ,9,87.5,シンパティア,11,2.6,スティールソニック,1,シンパティア,11,メヘラーンガル,3,False,False,0,False,0,False,0,0,0,,,,
2026-04-15,202650041506,C2一,1勝以下,カワキタボーダレス,7,99.1,エナドライブ,1,83.3,アサカラヴラヴ,3,41.1,カワキタボーダレス,7,ジャンマギアーナ,6,エースレイジング,4,True,False,0,False,0,False,0,0,0,,,,
2026-04-15,202647041504,若葉特別(3歳),1勝以下,ムーンウォーリア,8,99.9,レーヴドクロンヌ,7,79.7,グルノーブル,1,76.1,ムーンウォーリア,8,アダマント,9,メイクイット,5,True,False,0,False,0,True,690,0,0,,,,
2026-04-15,202650041507,C2二,1勝以下,ヴァラドン,9,100.0,シンゼンハチマン,2,79.6,イオシーワン,3,54.4,ヴァラドン,9,イオシーワン,3,シンゼンハチマン,2,True,False,0,False,0,True,580,0,0,,,,
2026-04-15,202630041502,3歳条件 未勝利,1勝以下,ハヤテノダイキチ,6,98.1,スーパーパーリー,2,78.9,スウィンドル,7,14.3,ハヤテノダイキチ,6,ハシレオザキサン,9,スーパーパーリー,2,True,False,0,True,160,False,0,0,0,,,,
2026-04-15,202630041503,3歳条件 未勝利,1勝以下,フォーチュンベル,5,93.1,ブレイキンアウェイ,1,83.8,テクノリバタリアン,3,6.4,フォーチュンベル,5,ブレイキンアウェイ,1,ブライトホウショウ,4,True,False,0,True,110,False,0,0,0,,,,
2026-04-15,202630041504,3歳以上 C4ー3,1勝以下,リコーニック,11,86.5,ミノベル,9,75.3,ルトゥールレーヴ,6,64.9,リコーニック,11,ミノベル,9,ショウリュウマサル,10,True,False,0,True,150,False,0,0,0,,,,
2026-04-15,202644041501,C3四五,1勝以下,ローゼンナイツ,6,99.2,ケルティックハーツ,5,79.3,アイアムイブシギン,9,9.3,サンシップ,1,アイアムイブシギン,9,ノンストップガール,10,False,False,0,False,0,False,0,0,0,,,,
2026-04-15,202644041502,C3四五,1勝以下,アイビーブリザード,13,100.0,ダーカザンブラック,2,96.2,ブラックレッド,3,70.0,アイビーブリザード,13,ミユンガー,6,ダーカザンブラック,2,True,False,0,False,0,True,490,0,0,,,,
2026-04-15,202644041503,3歳六七八(3歳七),1勝以下,テスカトリポカ,6,96.8,ホロムア,1,90.8,プレイバック,8,3.8,ホロムア,1,テスカトリポカ,6,ラインシルバー,3,True,False,0,True,180,False,0,0,0,,,,
2026-04-15,202647041505,C11組,1勝以下,ジーティーララバイ,8,99.9,メイショウナナカゼ,7,79.6,エイシンドラーゴ,6,56.9,ジーティーララバイ,8,ビバガール,1,マリエ,2,True,False,0,False,0,False,0,0,0,,,,
2026-04-15,202647041506,C10組,1勝以下,モーモーブラウン,9,95.6,ミラクルム,7,89.7,オカノルイーズ,2,2.1,アーリドラータ,1,ミラクルム,7,オカノルイーズ,2,False,False,0,False,0,False,0,0,0,,,,
2026-04-15,202647041508,B3組,1勝以下,キチロクキャップ,2,99.9,エイシンヤタガラス,4,95.2,プレシャスアセット,8,46.0,キチロクキャップ,2,エイシンヤタガラス,4,リングボーイ,1,True,False,0,False,0,False,0,0,0,,,,
2026-04-15,202650041508,C2一,1勝以下,ディナン,5,100.0,エートルドゥエ,4,79.7,タンタンドル,1,58.9,ディナン,5,エートルドゥエ,4,テーオーコンドル,8,True,False,0,False,0,True,870,0,0,,,,
2026-04-15,202650041511,春暖特別A1A2,1勝以下,ルクスメテオール,1,78.4,ハナブサ,4,60.6,リコーシーウルフ,3,24.2,ルクスメテオール,1,ハナブサ,4,ナリタシン,5,True,False,0,True,170,False,0,0,0,,,,
2026-04-15,202630041505,3歳以上 C4ー3,1勝以下,ノアルパフェ,5,86.4,メイショウカラクサ,8,75.8,ミスターキック,4,70.0,ノアルパフェ,5,サクセスビービー,2,ウィルスカイ,10,True,False,0,False,0,False,0,0,0,,,,
2026-04-15,202630041506,JRA認定競走スーパーフレッシュチャレン(2歳),1勝以下,クライングコール,7,87.6,レインボーライフ,6,84.4,ステイヘント,9,6.6,ウンスイ,1,ツリーオブライフ,2,クライングコール,7,True,False,0,False,0,False,0,0,0,,,,
2026-04-15,202644041505,3歳六七八(3歳七),1勝以下,ゴールドモア,12,91.2,ヴィクトーリオ,5,90.6,アークルージエ,1,3.5,アフロステラ,13,ゴーゴーメロディ,4,アークルージエ,1,False,False,0,False,0,False,0,0,0,,,,
2026-04-15,202644041506,きりん座特別競走(C2),1勝以下,ミクニサンシャイン,8,99.7,フタバサクセス,4,71.4,スペイスフォース,7,7.3,ミクニサンシャイン,8,スペイスフォース,7,ライシアム,1,True,False,0,False,0,False,0,0,0,,,,
2026-04-15,202644041507,C1六七,1勝以下,バレアレス,8,99.8,グラスグリード,6,96.0,ユニヴェール,1,66.8,ユニヴェール,1,グラスグリード,6,リアンフォール,12,False,False,0,False,0,False,0,0,0,,,,
2026-04-15,202647041509,鵜沼宿特別(3歳),1勝以下,ニシノトリビュート,3,85.8,アフリカンブラック,8,71.2,テーオーアンジェラ,1,69.5,テーオーアンジェラ,1,ニシノトリビュート,3,アフリカンブラック,8,True,False,0,True,390,False,0,0,0,,,,
2026-04-15,202647041510,姫街道特別(3歳),1勝以下,ネフェルアスティ,8,95.7,エイシンリファイン,6,95.1,ヴェルメイユドール,5,6.0,ベラジオジュピター,2,ホワイトラビット,7,アメリカンビッキー,1,False,False,0,False,0,False,0,0,0,,,,
2026-04-15,202650041512,B1,1勝以下,ジーニアスレノン,10,95.0,ボンズドゥッカ,3,88.1,オズモポリタン,12,11.3,ジーニアスレノン,10,ボンズドゥッカ,3,オズモポリタン,12,True,False,0,True,190,False,0,0,0,,,,
2026-04-15,202630041508,3歳以上 C4ー2,1勝以下,トニーオーシャンズ,7,99.3,ニシノエンデヴァー,8,89.7,グロリアスアスペン,4,71.2,ウーナファータ,10,ニシノエンデヴァー,8,トニーオーシャンズ,7,True,False,0,True,190,False,0,0,0,,,,
2026-04-15,202630041509,25周年キレートレモン特別(3歳)OP,1勝以下,ベラジオエンペラー,10,94.5,ニューアライブ,9,74.0,ガンタン,1,13.3,カミハマッテイル,5,ベラジオエンペラー,10,ガンタン,1,True,False,0,False,0,False,0,0,0,,,,
2026-04-15,202644041508,オレンジ・ブロッサム賞(C2),1勝以下,デルマアリエル,1,97.0,ポジターノ,3,71.7,エスカラムサ,2,67.0,デルマアリエル,1,コウフウセイゲツ,6,ルトラセ,11,True,False,0,False,0,False,0,0,0,,,,
2026-04-15,202644041509,スターゲイザー賞(B3),1勝以下,パルミジャニーノ,8,95.4,イエスウィズキャン,5,93.3,アイスリーディング,2,54.8,パルミジャニーノ,8,アイスリーディング,2,イエスウィズキャン,5,True,False,0,True,110,False,0,0,0,,,,
2026-04-15,202630041510,グランシャリオドリーム1(C4),1勝以下,イントルーダー,12,100.0,サラメーガン,6,92.9,ツワ,9,45.2,イントルーダー,12,ダイメイイースター,10,ツワ,9,True,False,0,False,0,False,0,0,0,,,,
2026-04-15,202630041512,エピファネイア・プレミアム(B2),1勝以下,マロンソレイユ,3,97.3,サイモンソーラン,6,95.5,ライルアケカイ,2,92.6,バンカブルスター,5,サイモンソーラン,6,マロンソレイユ,3,True,False,0,True,340,False,0,0,0,,,,
2026-04-15,202644041511,東京スプリントJpn3,1勝以下,ドラゴンウェルズ,1,86.1,ヤマニンチェルキ,4,82.3,チカッパ,6,19.0,ドラゴンウェルズ,1,ティントレット,3,ヤマニンアルリフラ,11,True,False,0,False,0,False,0,0,0,,,,
2026-04-15,202644041512,東風賞競走(B2),1勝以下,サトノリリウム,4,90.6,ライムフレイバー,2,84.5,レベリオス,1,2.4,サトノリリウム,4,ライムフレイバー,2,ジューンドラゴン,5,True,False,0,True,250,False,0,0,0,,,,
2026-04-16,202650041601,C3三,1勝以下,アラタマノキセキ,1,98.8,ビガーサンライズ,6,97.2,スミレブーケ,8,4.3,ビガーサンライズ,6,ジューンクエスト,10,アラタマノキセキ,1,True,False,0,False,0,False,0,0,0,,,,
2026-04-16,202650041602,C3二,1勝以下,セイウンスペリオル,6,91.0,トキノケリー,1,70.1,シュヴァルツスター,8,21.5,デリカテッセン,7,セイウンスペリオル,6,シュヴァルツスター,8,True,False,0,True,460,False,0,0,0,,,,
2026-04-16,202650041603,C3一,1勝以下,ダノンブロッサム,9,98.6,メイショウマツリ,8,87.9,フェスティーヴォ,1,4.0,フクノフィアーノン,4,メイショウマツリ,8,ダノンブロッサム,9,True,False,0,False,0,True,370,0,0,,,,
2026-04-16,202647041601,3歳4組,1勝以下,エイシンイーネン,2,97.6,ベストロマンス,7,81.3,レイナロハルンバ,6,11.9,ハイパーコール,4,ジルコンテソーロ,8,エイシンイーネン,2,True,False,0,False,0,False,0,0,0,,,,
2026-04-16,202647041602,3歳3組,1勝以下,ユイノサシガネ,4,83.1,リッチフィールド,6,66.1,センプレヴェルデ,5,6.6,マチュ,2,ゲキシン,9,ザイオンパーク,1,False,False,0,False,0,False,0,0,0,,,,
2026-04-16,202647041603,C3組,1勝以下,オーバード,2,93.1,フェリアフローレス,6,90.7,クロスレート,5,9.8,クロスレート,5,テンケイ,4,フェリアフローレス,6,False,False,0,True,450,False,0,0,0,,,,
2026-04-16,202647041604,B7組,1勝以下,マルカベント,3,89.2,シュプリームアロー,4,87.2,エンジェルスノー,7,1.8,マルカベント,3,アユツリー,5,シュプリームアロー,4,True,False,0,True,210,False,0,0,0,,,,
2026-04-16,202650041604,笑原スプリントC3,1勝以下,ヴァイスクレー,5,98.3,テルモピュライ,1,83.5,クアトロフォルトナ,10,6.9,ヴァイスクレー,5,ミュトスオード,8,テルモピュライ,1,True,False,0,False,0,False,0,0,0,,,,
2026-04-16,202650041606,C2四,1勝以下,サトノカイロス,6,99.3,ノリウッドテール,3,97.9,シバノストムキット,7,96.6,サトノカイロス,6,シバノストムキット,7,ノリウッドテール,3,True,False,0,False,0,True,140,0,0,,,,
2026-04-16,202650041607,C2三,1勝以下,ヘシキリ,2,96.6,エールクイーン,3,93.3,コイビトミサキ,5,12.6,カイラシ,8,テーオーニュートン,4,ヘノヘノカッパ,7,False,False,0,False,0,False,0,0,0,,,,
2026-04-16,202630041601,3歳条件 未勝利,1勝以下,ポポロン,7,87.8,サラサゴーサイン,2,73.3,モーモーインディゴ,1,10.8,サラサゴーサイン,2,カセノフォルス,5,ポポロン,7,True,False,0,True,180,False,0,0,0,,,,
2026-04-16,202630041602,3歳以上 C4ー3,1勝以下,ウィルミスチヴァス,7,97.4,マナスカイ,2,68.3,ベルケム,1,5.2,ウィルミスチヴァス,7,マナスカイ,2,クールカグラ,10,True,False,0,True,330,False,0,0,0,,,,
2026-04-16,202647041605,辻本達規さん笠馬X出演記念杯(BC),1勝以下,ラブフォルテッシモ,4,87.3,オーキッドレディ,7,76.4,キラカイドウ,5,7.3,ラブフォルテッシモ,4,キラカイドウ,5,カンナリリー,1,True,False,0,True,440,False,0,0,0,,,,
2026-04-16,202647041606,B6組,1勝以下,タマエスポワール,6,99.5,ウィズフィリップ,9,85.7,カミガミノウタゲ,3,4.2,ケイサンノーブル,2,ラグーン,5,シャンドゥルン,1,False,False,0,False,0,False,0,0,0,,,,
2026-04-16,202647041607,B5組,1勝以下,バックパック,2,94.8,トレパーク,8,80.3,ヤマニンエイドロン,4,64.9,バックパック,2,ハイエストランク,6,トレパーク,8,True,False,0,True,220,False,0,0,0,,,,
2026-04-16,202647041608,笠松町商工会特別(C),1勝以下,キングオブワールド,6,98.5,フレンドキング,8,73.8,スッサンファースト,10,16.3,ヤナギバネバギバ,2,シャトーペリオット,5,フレンドキング,8,False,False,0,False,0,False,0,0,0,,,,
2026-04-16,202650041608,C2二,1勝以下,メイショウソニック,5,99.4,ヨシノタルマエ,2,79.0,メイショウカジキ,7,69.9,メイショウソニック,5,ヨシノタルマエ,2,メイショウカジキ,7,True,False,0,False,0,True,590,0,0,,,,
2026-04-16,202650041609,C2一,1勝以下,デルマサターン,5,99.4,テキサスツイスター,2,96.4,クリノチャンプ,8,72.7,アンデルマット,4,ムーンガーデン,7,デルマサターン,5,True,False,0,False,0,False,0,0,0,,,,
2026-04-16,202630041606,JRA認定競走フレッシュチャレンジ競走(2歳),1勝以下,コパノシチリア,8,82.5,アイリスベビー,3,78.7,リュウノマッスル,7,8.3,コパノシチリア,8,ニュースタンダード,2,ハクアイレーヴ,5,True,False,0,False,0,False,0,0,0,,,,
2026-04-16,202647041609,SKE48太田彩夏の笠馬X杯(C),1勝以下,デアルーチェ,6,97.8,ヒルノガリシア,7,97.9,ヴォーゲルワンド,8,3.2,デアルーチェ,6,ヒルノガリシア,7,フローズンキス,2,True,False,0,False,0,False,0,0,0,,,,
2026-04-16,202647041610,C級サバイバル,1勝以下,パーパスポイント,9,99.7,ジーティーオウカ,3,80.6,クイーンズグリーン,1,55.9,パーパスポイント,9,フェスティヴフリー,8,レディボレロ,10,True,False,0,False,0,False,0,0,0,,,,
2026-04-16,202650041611,西日本クラシック重賞,1勝以下,ミルトイブニング,5,93.9,シェナマックス,4,86.3,バリジグリー,6,1.2,ミルトイブニング,5,シェナマックス,4,ブライトローズ,7,True,False,0,True,180,False,0,0,0,,,,
2026-04-16,202644041612,かに座特別競走(C2),1勝以下,ヤマニンエボルブ,5,91.5,メイショウカジボウ,9,85.2,ジューンバタフライ,7,75.4,ジューンバタフライ,7,ヤマニンエボルブ,5,ルリモンハナバチ,6,True,False,0,True,210,False,0,0,0,,,,
2026-04-17,202647041701,3歳5組,1勝以下,リージョワユーズ,4,99.2,ルナドロップ,3,98.4,マスカットオマーン,7,56.1,マスカットオマーン,7,ルナドロップ,3,リージョワユーズ,4,True,False,0,True,510,False,0,900,360,900.0,360.0,,
2026-04-17,202647041702,3歳6組,1勝以下,エイシンヒアカムズ,2,94.9,ゴールドチャチャ,1,75.6,ヒトリセレブ,7,2.9,ゴールドチャチャ,1,ダンストンチアーズ,6,エイシンヒアカムズ,2,True,False,0,True,580,False,0,900,600,900.0,600.0,,
2026-04-17,202647041703,C9組,1勝以下,ユウトザキンパツ,2,99.6,ヴァンガルダ,6,89.2,ギンノアラナミ,7,8.3,ウィルソンウェイ,8,ユウトザキンパツ,2,ギンノアラナミ,7,True,False,0,False,0,False,0,1000,0,1000.0,0.0,,
2026-04-17,202647041704,C8組,1勝以下,レジョンデロル,6,95.4,ロバストウォリアー,5,83.6,ダングラール,3,48.1,ダングラール,3,エースオブスペーズ,1,レジョンデロル,6,True,False,0,True,280,False,0,900,840,900.0,840.0,,
2026-04-17,202647041705,C級セレクション,1勝以下,ファーニスクリーク,9,82.9,ソルエパトリオット,3,79.5,ジャスタパーティー,5,12.2,ハルカサクソラ,4,ケンヴェンツェル,7,ソルエパトリオット,3,False,False,0,True,180,False,0,900,540,900.0,540.0,,
2026-04-17,202647041706,C7組,1勝以下,ゴージャスレディ,6,98.7,カイトベルク,3,83.5,リアルカイザー,4,74.2,ウインラムセス,2,ミミコチャン,9,ゴージャスレディ,6,True,False,0,False,0,False,0,1000,0,1000.0,0.0,,
2026-04-17,202646041701,株式会社AKINAI.社名変更記念杯(3歳),1勝以下,ウェルックス,3,100.0,リケアフェデリーニ,4,99.9,,0,0.0,ウェルックス,3,リケアフェデリーニ,4,ナタール,2,True,False,0,False,0,False,0,1000,0,1000.0,0.0,,
2026-04-17,202646041702,3歳B4,1勝以下,スズランクイーン,8,91.4,フィオーレクラウド,9,89.7,,0,0.0,キミガイチバンイイ,3,スズランクイーン,8,フィオーレクラウド,9,True,False,0,True,290,False,0,900,870,900.0,870.0,,
2026-04-17,202646041703,3歳B3,1勝以下,ロードエルドラド,2,96.4,オーシャンドリーム,9,96.4,,0,0.0,オーシャンドリーム,9,ロードエルドラド,2,ロードキャリバー,6,True,False,0,True,450,False,0,900,1350,900.0,1350.0,,
2026-04-17,202646041704,3歳B2,1勝以下,エイシンキンザザ,3,89.7,レイモアナ,6,72.7,,0,0.0,レイモアナ,6,アルティオーラ,2,ファインブルー,5,False,False,0,False,0,False,0,1000,0,1000.0,0.0,,
2026-04-17,202647041707,C6組,1勝以下,ミカエル,3,93.8,クロイゼルング,1,92.0,,0,0.0,ゴールドリッカ,5,ミカエル,3,グラウクス,9,True,False,0,True,280,False,0,900,840,900.0,840.0,,
2026-04-17,202647041708,C5組,1勝以下,コヴェナント,7,99.8,ジーグフェルド,8,97.2,,0,0.0,マイクハージュ,3,チュウワジョーダン,9,コヴェナント,7,True,False,0,False,0,False,0,1000,0,1000.0,0.0,,
2026-04-17,202647041709,C4組,1勝以下,ラヴアンドホープ,9,98.6,ケイズエルミー,2,93.2,,0,0.0,ラヴアンドホープ,9,プエルタアスール,8,ケイズエルミー,2,True,False,0,True,160,False,0,900,480,900.0,480.0,,
2026-04-17,202665041701,ミルキー23歳誕生日記念,1勝以下,ジェイフラック,4,44.7,ドラゴンブライアン,5,45.0,,0,0.0,ミストレンタ,7,ドラゴンブライアン,5,レオナウイン,3,False,False,0,False,0,False,0,900,0,900.0,0.0,,
2026-04-17,202665041702,もんぺさんお誕生日記念,1勝以下,ヒメトラダイア,4,41.4,サカノイジゲン,6,38.6,,0,0.0,サカノイジゲン,6,カワノチャタロウ,3,ツカサキング,1,False,False,0,False,0,False,0,900,0,900.0,0.0,,
2026-04-17,202665041703,秋庭將海21歳誕生日記念,1勝以下,ジェイノウンカイ,7,40.5,コーチャンファスト,8,36.1,,0,0.0,ワフラーム,9,ツガルキンフジ,6,キタノレンザン,3,False,False,0,False,0,False,0,900,0,900.0,0.0,,
2026-04-17,202644041704,3歳一二三(3歳二),1勝以下,トイロ,6,99.9,ストラディウス,7,96.9,,0,0.0,ストラディウス,7,トイロ,6,カンノンハヤテ,2,True,False,0,False,0,False,0,1000,0,1000.0,0.0,,
2026-04-17,202644041705,3歳一二三(3歳二),1勝以下,リスティアワン,8,98.2,エリザベートバディ,9,79.3,,0,0.0,リスティアワン,8,エリザベートバディ,9,ピルゴスアイトス,10,True,False,0,False,0,False,0,900,600,900.0,600.0,,
2026-04-17,202644041707,C2四五六(C2五),1勝以下,グランダイト,5,99.8,シンティリオ,2,72.4,,0,0.0,グランダイト,5,シンティリオ,2,テルケンレンスター,3,True,False,0,False,0,False,0,1000,0,1000.0,0.0,,
2026-04-17,202646041705,ブルーカルセドニー特別(3歳),1勝以下,ダンシングアウェイ,3,100.0,ホワイトナイル,6,94.1,,0,0.0,ダンシングアウェイ,3,グスタフ,9,ローズピクチャー,5,True,False,0,False,0,False,0,1000,0,1000.0,0.0,,
2026-04-17,202646041706,祝★TubeRoseデビュー半年記念(C1),1勝以下,ビアメントブラスト,7,76.4,マルモルミエール,1,73.5,,0,0.0,マルモルミエール,1,エリュシデータ,4,ピナーカ,2,False,False,0,True,260,False,0,900,780,900.0,780.0,,
2026-04-17,202646041707,C15,1勝以下,ユイノコキュウ,3,98.1,シンシーネ,5,96.4,,0,0.0,シンシーネ,5,キーチキング,7,ユイノコキュウ,3,True,False,0,False,0,False,0,1000,0,1000.0,0.0,,
2026-04-17,202647041710,春色特別(A),1勝以下,ハワイアンアイコン,6,99.9,ダンスデュヴァン,3,99.4,,0,0.0,ハワイアンアイコン,6,ドラムライム,2,ダンスデュヴァン,3,True,False,0,False,0,True,160,1000,1600,1000.0,1600.0,,
2026-04-17,202647041711,陽春特別(A),1勝以下,スタンレー,2,92.1,ゴールウェイガール,3,85.0,,0,0.0,スタンレー,2,セイエクシード,5,ゴールウェイガール,3,True,False,0,True,420,False,0,900,1260,900.0,1260.0,,
2026-04-17,202647041712,春光特別(A),1勝以下,ヒフミバンダム,3,94.8,キャッシュブリッツ,5,65.4,,0,0.0,ヒフミバンダム,3,キャッシュブリッツ,5,スペシャルトーク,2,True,False,0,False,0,False,0,1000,0,1000.0,0.0,,
2026-04-17,202665041704,This is 遠藤光莉杯,1勝以下,キタサカエクオン,3,43.3,リキ,4,41.5,,0,0.0,リキ,4,キタサカエクオン,3,クリスタルヒリュウ,5,True,False,0,True,370,False,0,900,1110,900.0,1110.0,,
2026-04-17,202665041705,雫ちゃん1歳誕生おめでとう,1勝以下,イワキクロヒョウ,8,47.1,ホクショウゴールド,4,47.0,,0,0.0,ニジイロアオゾラ,6,キョウエイプラチナ,3,ホクショウゴールド,4,False,False,0,False,0,False,0,900,0,900.0,0.0,,
2026-04-17,202665041706,足寄町馬産振興会50周年杯,1勝以下,タイヨウ,5,52.3,ホクセイマリン,4,46.8,,0,0.0,タイヨウ,5,ホクセイシンザン,6,ライズビクトリー,7,True,False,0,False,0,False,0,900,0,900.0,0.0,,
2026-04-17,202665041707,足寄町馬産振興会輓曳応援杯,1勝以下,ナカサンブライアン,4,51.0,トマランサカミカゼ,6,48.1,,0,0.0,エクレール,5,ツガルノセンショウ,3,トマランサカミカゼ,6,False,False,0,False,0,False,0,900,0,900.0,0.0,,
2026-04-17,202646041708,C14,1勝以下,ランドシュール,6,97.2,ミラコロカナーレ,10,97.1,,0,0.0,サクラサルーテ,8,ミラコロカナーレ,10,グッドラックスター,1,False,False,0,True,200,False,0,900,600,900.0,600.0,,
2026-04-17,202646041709,C13,1勝以下,ハクサンリバーブ,5,100.0,ブルーメリー,8,72.8,,0,0.0,ブルーメリー,8,ハクサンリバーブ,5,ペダンクルアーチ,6,True,False,0,False,0,False,0,1000,0,1000.0,0.0,,
2026-04-17,202646041710,将勝くん爆誕☆33歳になりました記念杯(C1),1勝以下,ミュークレグルス,5,98.3,シェルターベルト,3,72.8,,0,0.0,ドーンコスモ,2,ミュークレグルス,5,オーデンオパール,7,True,False,0,False,0,False,0,1000,0,1000.0,0.0,,
2026-04-17,202665041708,美空ちゃん生誕20周年記念,1勝以下,ビール,7,51.4,オーディン,5,50.7,,0,0.0,アアモンドノサップ,6,サクラダイヤモンド,4,ビール,7,True,False,0,False,0,False,0,900,0,900.0,0.0,,
2026-04-17,202665041709,チュベロデビュー半年記念杯,1勝以下,ツカサセンター,6,50.2,トム,8,45.3,,0,0.0,ショウリノホシ,7,オオゾラタカラ,4,フクノエル,2,False,False,0,False,0,False,0,900,0,900.0,0.0,,
2026-04-17,202665041710,智英・黎明の三連単序曲,1勝以下,イワキブラボー,8,48.6,レッドウンカイ,6,45.4,,0,0.0,サカノテンリュウ,3,タイタス,1,コーワホープ,4,False,False,0,False,0,False,0,900,0,900.0,0.0,,
2026-04-17,202665041711,スプリングカップOP,1勝以下,コウテイ,6,46.3,クリスタルコルド,3,38.7,,0,0.0,メムロボブサップ,9,キングフェスタ,7,スターイチバン,5,False,False,0,False,0,False,0,900,0,900.0,0.0,,
2026-04-17,202646041711,能登復興支援 赤蔵山特別(C1),1勝以下,ブレイクネック,3,100.0,ノースタンダード,8,94.2,,0,0.0,グランヴァルール,5,ノースタンダード,8,コンチマカロン,7,False,False,0,False,0,False,0,1000,0,1000.0,0.0,,
2026-04-17,202646041712,お家でネット投票!楽天競馬特別(A2),1勝以下,インペリアルモート,8,78.9,ジューンノールック,1,77.4,,0,0.0,フェイマスダンディ,5,ジューンノールック,1,インペリアルモート,8,True,False,0,True,670,False,0,900,2010,900.0,2010.0,,
2026-04-17,202665041712,B1ー2,1勝以下,コーワレックス,3,38.5,ココロノニダイメ,2,37.4,,0,0.0,クロコトブキ,6,キタノミネ,8,アサゾラ,7,False,False,0,False,0,False,0,900,0,900.0,0.0,,
2026-04-18,202654041801,C3ー6,1勝以下,シティオブロンドン,6,97.8,イカホ,4,95.1,ニットウライジン,7,88.6,シティオブロンドン,6,イカホ,4,ニットウライジン,7,True,False,0,False,0,False,0,900,1170,900.0,1170.0,,
2026-04-18,202654041802,C3ー5,1勝以下,スタークルージング,6,98.3,ギンガエクスプレス,5,94.1,ボルカンバル,3,52.1,ボルカンバル,3,ウインリベラーレ,8,ギンガエクスプレス,5,False,False,0,False,0,False,0,1000,0,1000.0,0.0,,
2026-04-18,202655041802,3歳ー3組,1勝以下,ラスエル,11,98.3,ミヤノクインリー,1,97.4,シズリ,4,47.4,ラスエル,11,シズリ,4,ミヤノクインリー,1,True,False,0,False,0,True,550,1000,5500,1000.0,5500.0,,
2026-04-18,202665041801,ライブツアー参加&成功記念,1勝以下,ジェイドルーリー,3,45.3,イワキライジン,6,45.6,スーパーハリアー,8,42.0,イノスケ,1,ディオネダイヤ,4,イワキライジン,6,False,False,0,False,0,False,0,900,0,900.0,0.0,,
2026-04-18,202665041802,表裏一体!魂のWフェイス杯,1勝以下,ユウマックス,8,43.4,カイセイイオン,3,40.8,ハゴロモソラリス,1,36.5,アアモンドアノン,2,ハゴロモソラリス,1,イワキミハル,9,False,False,0,False,0,False,0,900,0,900.0,0.0,,
2026-04-18,202665041803,☆祝☆大友家還暦記念杯,1勝以下,ストロングモモ,4,45.3,ホクセイノチカラ,7,39.1,マルホンカオン,3,39.1,ツカサコタロウ,2,マキシゴールド,1,エマパワー,10,False,False,0,False,0,False,0,900,0,900.0,0.0,,
2026-04-18,202654041805,スピカ特別,1勝以下,スカンジナビア,7,99.8,エイブリー,11,88.0,ドライブアウェイ,5,71.1,スカンジナビア,7,エイブリー,11,ブリーザフレスカ,2,True,False,0,False,0,False,0,1000,0,1000.0,0.0,,
2026-04-18,202654041806,C2ー6,1勝以下,リケアマキアート,9,97.4,プリンセスダイヤ,4,87.0,ルージュアマリア,7,55.8,ルージュアマリア,7,リケアマキアート,9,ショットメーカー,3,True,False,0,False,0,False,0,900,1200,900.0,1200.0,,
2026-04-18,202655041803,Bー3組,1勝以下,コスモバシレウス,2,99.2,ヘキクウ,4,99.0,ハクアイアシスト,1,43.9,ハクアイアシスト,1,コスモバシレウス,2,ボブズヤアンクル,11,True,False,0,False,0,False,0,1000,0,1000.0,0.0,,
2026-04-18,202655041804,スイートピー特別(B),1勝以下,メイショウアイク,10,99.9,オールスティール,12,80.4,エイシンシュトルム,1,71.2,エイシンシュトルム,1,アマルフィー,6,メイショウアイク,10,True,False,0,False,0,False,0,1000,0,1000.0,0.0,,
2026-04-18,202655041805,C2ー16組,1勝以下,ピエナクレスコ,1,100.0,モズグランプリ,7,97.4,グレースサンライズ,4,56.8,ピエナクレスコ,1,モズグランプリ,7,グレースサンライズ,4,True,False,0,False,0,True,490,1000,4900,1000.0,4900.0,,
2026-04-18,202665041804,矢島・鈴木家結婚記念杯,1勝以下,カネオー,7,39.8,クリスタルデビル,6,38.8,コマサンクリスタル,9,37.7,ホクセイキレイズキ,5,ヤマツネライン,4,フジダイマルス,8,False,False,0,False,0,False,0,900,0,900.0,0.0,,
2026-04-18,202665041805,ふうり&めぶきW生誕記念,1勝以下,アアモンドクリン,2,37.0,ツガルケッパレフジ,8,37.9,ジェイキングダム,1,36.4,ナナイロ,5,ジェイセリーヌ,6,カツブライト,3,False,False,0,False,0,False,0,900,0,900.0,0.0,,
2026-04-18,202665041806,克至・智子 春の十勝記念杯,1勝以下,オーシャンヒーロー,1,61.6,カブトファイター,7,48.3,ジェイマーサ,6,44.7,アオタイショウ,3,オーシャンヒーロー,1,ジェイマーサ,6,True,False,0,False,0,False,0,900,840,900.0,840.0,,
2026-04-18,202665041807,優生のために馬が走るよ,1勝以下,クレインテイオウ,4,42.2,トップトレジャー,2,42.4,エーデルシュタイン,3,40.5,アカオビ,1,エーデルシュタイン,3,トップトレジャー,2,False,False,0,False,0,False,0,900,3120,900.0,3120.0,,
2026-04-18,202654041807,C2ー5,1勝以下,ビーム,5,99.6,トップアメリカン,11,75.0,ディープカインズ,1,55.1,ディープカインズ,1,ビーム,5,トップアメリカン,11,True,False,0,False,0,True,590,1000,5900,1000.0,5900.0,,
2026-04-18,202654041809,C2ー3,1勝以下,レズルレクティオ,4,91.9,ネイルンノ,6,91.7,インオービット,9,60.7,インオービット,9,マジックタッチ,8,エイシンクエーサー,3,False,False,0,False,0,False,0,900,0,900.0,0.0,,
2026-04-18,202654041810,C2ー2,1勝以下,オークハンプトン,8,94.3,ビッグショータイム,4,78.7,ダイタジャスティス,9,59.9,テーオーシリウス,3,ダノンファスト,2,ビッグショータイム,4,False,False,0,False,0,False,0,900,0,900.0,0.0,,
2026-04-18,202655041808,サガデーナイト競馬賞(C1),1勝以下,ポムヴェルト,5,99.6,ブラーブデシジョン,2,85.8,トリオ,9,62.2,ブラーブデシジョン,2,マインドマイワーズ,7,ポムヴェルト,5,True,False,0,False,0,False,0,1000,0,1000.0,0.0,,
2026-04-18,202655041809,発明の日賞,1勝以下,ケイアイアンタレス,7,98.4,テイエムダイタカ,2,86.8,マイネルウォーリア,5,73.1,ガルヴァナイズ,12,ケイアイアンタレス,7,エイシンダズル,6,True,False,0,False,0,False,0,1000,0,1000.0,0.0,,
2026-04-18,202665041808,新年度開幕!第21回紳士賞,1勝以下,デッカクナーレ,7,48.6,ツルイテンカ,3,42.6,ホクショウハヤテ,4,42.2,カワノブレーザー,2,サカノテッペン,5,ショウワノチカラ,8,False,False,0,False,0,False,0,900,0,900.0,0.0,,
2026-04-18,202665041809,ミルキーお誕生日おめでとう,1勝以下,ホクトヒーロー,7,48.3,マルゼンイチバン,4,43.8,サカノハマナカ,3,43.5,ジェイマーシー,5,アアモンドオーザン,6,フジノボーイ,2,False,False,0,False,0,False,0,900,0,900.0,0.0,,
2026-04-18,202665041810,慎太郎典子結婚28周年記念,1勝以下,レジェンドボス,2,46.8,ホクショウレディー,1,42.2,ホクセイポルシェ,7,40.2,ウチュウジン,5,タンジロウ,8,ホクショウレディー,1,False,False,0,False,0,False,0,900,0,900.0,0.0,,
2026-04-18,202654041811,穀雨特別(C2),1勝以下,ケルピー,7,84.1,コスモルーテウス,10,67.2,リワードインペリオ,8,66.2,ステラマテュティナ,3,ケルピー,7,コスモルーテウス,10,True,False,0,False,0,False,0,900,1380,900.0,1380.0,,
2026-04-18,202655041810,ダイヤモンド特選(C1),1勝以下,ソルナシエンテ,6,99.8,ロトエンペラー,8,88.6,ヒロニャン,1,82.2,アスコットロマン,11,ロトエンペラー,8,ソルナシエンテ,6,True,False,0,False,0,False,0,1000,0,1000.0,0.0,,
2026-04-18,202665041811,ぶた丼きくちや7周年記念,1勝以下,エムタカラ,3,39.2,ジェイヒーロー,2,40.3,フレイムファースト,8,38.5,ショータイム,4,エムタカラ,3,ジェイヒーロー,2,True,False,0,False,0,False,0,900,2820,900.0,2820.0,,
2026-04-18,202665041812,B4ー1,1勝以下,ミナミジュウジセイ,8,44.9,マオノダイマオー,3,43.2,ユウマサイコー,6,39.0,イワキシチフク,9,ショコラペガサス,2,ミナミジュウジセイ,8,True,False,0,False,0,False,0,900,0,900.0,0.0,,
2026-04-19,202636041903,C2十組,1勝以下,シアトルプリンセス,3,99.8,カリスティア,1,75.3,トーセンオリジン,7,51.3,シアトルプリンセス,3,カリスティア,1,アラベスク,5,True,False,0,False,0,False,0,1000,0,1000.0,0.0,,
2026-04-19,202636041904,C2九組,1勝以下,アークエタニティ,10,99.2,サンホワイトクリフ,1,80.3,アニマルキリシマ,11,63.5,サンホワイトクリフ,1,アニマルキリシマ,11,スフォルツオ,5,False,False,0,False,0,False,0,1000,0,1000.0,0.0,,
2026-04-19,202646041902,青学写研三役勇退記念(C1),1勝以下,ローレルランウェイ,1,99.4,ワカムシャ,3,96.5,マークオブゾロ,6,86.5,ワカムシャ,3,サノノヒーロー,2,マークオブゾロ,6,False,False,0,False,0,False,0,1000,0,1000.0,0.0,,
2026-04-19,202636041906,3歳A,1勝以下,フォースメン,6,100.0,リフレララ,2,66.7,ロジータサンライズ,7,64.3,フォースメン,6,リフレララ,2,ロジータサンライズ,7,True,False,0,False,0,True,330,1000,3300,1000.0,3300.0,,
2026-04-19,202636041907,B2,1勝以下,アースアワー,9,99.9,ダグザ,8,95.4,フエルテテソーロ,3,60.8,イキザマ,2,スターキー,10,アースアワー,9,True,False,0,False,0,False,0,1000,0,1000.0,0.0,,
2026-04-19,202646041905,B14,1勝以下,スカイトライア,6,98.1,ボナセーラ,5,76.8,ラブアンドラッキー,8,54.0,スカイトライア,6,ボナセーラ,5,ラブアンドラッキー,8,True,False,0,False,0,True,880,1000,8800,1000.0,8800.0,,
2026-04-19,202655041901,3歳ー5組,1勝以下,テイエムテンジン,10,99.5,ゴーゴーコクラ,11,96.9,ユイアヴェニール,1,88.1,テイエムテンジン,10,ユイアヴェニール,1,カナデライド,3,True,False,0,False,0,False,0,1000,0,1000.0,0.0,,
2026-04-19,202636041909,B2,1勝以下,シュシュトディエス,4,99.4,インディーフィルム,9,68.8,シレンツィオ,12,48.5,インディーフィルム,9,シレンツィオ,12,ケイツーペニー,5,False,False,0,False,0,False,0,1000,0,1000.0,0.0,,
2026-04-19,202636041911,B1三組,1勝以下,タナハシ,8,97.8,タイセイストラーダ,4,89.0,ワイドカイゼリン,9,49.7,ファームフレッシュ,3,ワイドカイゼリン,9,タナハシ,8,True,False,0,False,0,False,0,1000,0,1000.0,0.0,,
2026-04-19,202646041906,俺とかずちゃん結婚おめでとう記念(B1),1勝以下,ミッションレール,3,99.8,ピースオーシャン,4,91.6,ファビュラスロード,1,68.2,ピースオーシャン,4,ファビュラスロード,1,ノイジーアプローチ,6,False,False,0,False,0,False,0,1000,0,1000.0,0.0,,
2026-04-19,202654041903,C2ー8,1勝以下,メイショウイヌワシ,2,98.8,ポッドコンティ,7,87.2,フォルベルール,1,76.7,ショウナンマリン,6,メイショウイヌワシ,2,マサウッドテール,9,True,False,0,False,0,False,0,1000,0,1000.0,0.0,,
2026-04-19,202655041902,C2ー14組,1勝以下,ジーティーレイナ,7,99.7,ウラチャチャ,2,73.8,エスプラネード,11,63.7,ジーティーレイナ,7,エスプラネード,11,ウラチャチャ,2,True,False,0,False,0,True,750,1000,7500,1000.0,7500.0,,
2026-04-19,202655041904,佐賀城下スプリント重賞,1勝以下,リリーベネット,2,31.7,サイオウガウマ,3,31.0,テクノアップル,5,30.9,フラクタル,11,カシノフレックス,8,ハクアイドゥマン,4,False,False,0,False,0,False,0,1000,0,1000.0,0.0,,
2026-04-19,202636041912,留守杯日高賞重賞,1勝以下,セイクリスティーナ,6,99.8,トリップス,1,97.6,パリスフォンテン,4,63.8,セイクリスティーナ,6,トリップス,1,アップタウン,8,True,False,0,False,0,False,0,1000,0,1000.0,0.0,,
2026-04-19,202654041909,C1ー3,1勝以下,ダミエ,10,100.0,シンデレラスマイル,5,86.9,ゴーマックス,11,80.9,ゴーマックス,11,ムサシフウジン,6,ダミエ,10,True,False,0,False,0,False,0,1000,0,1000.0,0.0,,
2026-04-19,202655041910,SAGAリベンジャーズ(C2),1勝以下,アックアヴィリーレ,4,100.0,クラウンマカナ,10,87.4,キタノヴァルカン,7,49.8,アックアヴィリーレ,4,クラウンマカナ,10,タイショウロマン,6,True,False,0,False,0,False,0,1000,0,1000.0,0.0,,
2026-04-20,202636042001,C2,1勝以下,ファストパスキー,1,98.7,グッドヘイロー,7,84.1,リスクテイカー,5,78.7,ポンドレイディ,3,フークレグルス,4,グッドヘイロー,7,False,False,0,False,0,False,0,1000,0,1000.0,0.0,,
2026-04-20,202636042002,C2,1勝以下,シノブデスティーノ,7,98.6,ゴープラチナム,4,92.6,クウェンヤ,6,61.4,ネオステラス,1,シノブデスティーノ,7,ヒガシブレーヴ,5,True,False,0,False,0,False,0,1000,0,1000.0,0.0,,
2026-04-20,202642042001,C3七八,1勝以下,メイワシェリー,3,100.0,マルノアンナ,7,97.1,ヤマトカチドキ,8,95.8,マルノアンナ,7,カラルナ,10,ヤマトカチドキ,8,False,False,0,False,0,False,0,1000,0,1000.0,0.0,,
2026-04-20,202636042005,C2五組,1勝以下,ソランチャン,3,100.0,フィアレスハート,8,97.2,アーチフライト,1,63.8,ソランチャン,3,フィアレスハート,8,キタノアルテミス,4,True,False,0,False,0,False,0,1000,0,1000.0,0.0,,
2026-04-20,202648042001,3歳8組,1勝以下,ルナヴィーナス,11,98.6,ロイヤルドリーム,6,82.6,ノーブルハンター,12,73.8,ロイヤルドリーム,6,ルナヴィーナス,11,クルスデルスール,4,True,False,0,False,0,False,0,1000,0,1000.0,0.0,,
2026-04-20,202642042010,蒲公英特別(B3),1勝以下,ホウオウパレード,4,99.4,ストイックノア,2,83.5,ジュンビクトワール,3,71.8,ストイックノア,2,ジュンビクトワール,3,ホウオウパレード,4,True,False,0,False,0,True,500,1000,5000,1000.0,5000.0,,
2026-04-20,202655042003,C2ー11組,1勝以下,ハリーフラッグ,9,98.4,ユイダイナソー,6,82.0,ブレイズボーイ,7,73.6,ハリーフラッグ,9,ユイダイナソー,6,ビヨンドザバラード,2,True,False,0,False,0,False,0,1000,0,1000.0,0.0,,
2026-04-20,202655042007,AIパッカル賞(C1),1勝以下,テイエムタワードン,2,100.0,ベルシャイニー,9,98.5,サンマルウォーリア,5,57.8,テイエムタワードン,2,サンマルウォーリア,5,ベルシャイニー,9,True,False,0,False,0,True,270,1000,2700,1000.0,2700.0,,
2026-04-20,202636042010,ブッシュローズ賞(B2),1勝以下,,0,0.0,,0,0.0,,0,0.0,,0,,0,,0,False,False,0,False,0,False,0,0,0,0.0,0.0,,
2026-04-20,202636042011,八重山吹賞(B2),1勝以下,,0,0.0,,0,0.0,,0,0.0,,0,,0,,0,False,False,0,False,0,False,0,0,0,0.0,0.0,,
2026-04-21,202636042104,C2一組,1勝以下,ワガンセ,8,100.0,ステップ,3,98.8,テーオーエンゲルス,9,62.9,ワガンセ,8,ステップ,3,セントサレディー,7,True,False,0,False,0,False,0,2000,0,2000.0,0.0,,
2026-04-21,202636042105,B1,1勝以下,コスモタラゴン,9,99.8,ゴレイジョウ,6,94.1,キッズファイナル,2,83.4,ゴレイジョウ,6,コスモタラゴン,9,ピンクノバラ,7,True,False,0,False,0,False,0,1000,0,1000.0,0.0,,
2026-04-21,202650042110,B1,1勝以下,アドワン,1,98.3,ブエラフェルテ,2,97.3,ポテンザ,5,71.9,ブエラフェルテ,2,ポテンザ,5,アドワン,1,True,False,0,False,0,True,450,1000,4500,1000.0,4500.0,,
2026-04-21,202646042107,B26,1勝以下,コスモインペリウム,7,100.0,ハートロック,9,94.7,ソウルユニバンス,4,65.7,コスモインペリウム,7,ソウルユニバンス,4,ハートロック,9,True,False,0,False,0,True,250,2000,2500,2000.0,2500.0,,
2026-04-21,202646042112,楽天競馬で馬券を買おう!楽天競馬特別(A1),1勝以下,タブラオ,7,99.8,ハクサンツキミテイ,2,97.1,ドナアフロディテ,6,79.6,タブラオ,7,ハクサンツキミテイ,2,デルマアートマン,3,True,False,0,False,0,False,0,2000,0,2000.0,0.0,,
2026-04-22,202650042202,C3四,1勝以下,クレスコウェイ,8,100.0,メイショウロールス,7,97.6,サンライズグレート,4,88.5,ブエイ,2,クレスコウェイ,8,サンライズグレート,4,True,False,0,False,0,False,0,1000,0,1000.0,0.0,,
2026-04-22,202650042203,C3三,1勝以下,アグネスサンキ,8,100.0,ゴールドプレミアム,7,91.8,プロミット,1,65.2,ワンダーレイザー,6,ミヤビルーナ,3,アグネスサンキ,8,True,False,0,False,0,False,0,1000,0,1000.0,0.0,,
2026-04-22,202630042203,3歳条件 未勝利,1勝以下,ルーチェアバンティ,6,99.6,ブールヴァルディエ,2,77.7,ピエールエンジェル,4,47.1,ルーチェアバンティ,6,ブールヴァルディエ,2,ピエールエンジェル,4,True,False,0,False,0,True,1090,1000,10900,1000.0,10900.0,,
2026-04-22,202630042208,アネモネ特別(A1),1勝以下,ベルピット,4,99.9,ニシケンボブ,7,99.6,メイテソーロ,1,52.0,ベルピット,4,ニシケンボブ,7,ケイアイパープル,5,True,False,0,False,0,False,0,1000,0,1000.0,0.0,,
2026-04-22,202630042209,カタクリ特別(C4),1勝以下,エイキチ,2,100.0,アークメディナ,8,95.7,アクアノート,7,84.9,アクアノート,7,キボウハホウショウ,1,エイキチ,2,True,False,0,False,0,False,0,1000,0,1000.0,0.0,,
2026-04-24,202646042404,C213,1勝以下,ハジメテノチュウ,4,100.0,ノエル,7,88.0,アドバンスドリーム,6,84.3,ハジメテノチュウ,4,アドバンスドリーム,6,ノエル,7,True,False,0,False,0,True,230,1000,2300,1000.0,2300.0,,
2026-04-24,202646042405,C212,1勝以下,エーススパークル,8,100.0,ザブルース,2,76.7,ハイムリヒカイザー,4,56.8,ハイムリヒカイザー,4,エーススパークル,8,ビッグタイマー,3,True,False,0,False,0,False,0,1000,0,1000.0,0.0,,
2026-04-24,202646042407,C210,1勝以下,ブレイブゼウス,8,100.0,ミリアドタレント,6,93.3,パープルヘイズ,3,50.7,ブレイブゼウス,8,ミリアドタレント,6,パープルヘイズ,3,True,False,0,False,0,True,430,1000,4300,1000.0,4300.0,,
2026-04-24,202642042408,ダイヤモンド特別(3歳),1勝以下,アイリーズ,6,99.9,バスクレヒオン,3,95.6,エスプリアキラサン,5,94.6,エスプリアキラサン,5,アイリーズ,6,ユウユウシロパン,7,True,False,0,False,0,False,0,1000,0,1000.0,0.0,,
2026-04-24,202642042409,暮の春特別(C1),1勝以下,エコロスヴァル,5,99.8,ホシニネガイヲ,1,76.7,ハーモニーロワ,2,64.8,ハーモニーロワ,2,ダイバヤタガラス,6,エコロスヴァル,5,True,False,0,False,0,False,0,1000,0,1000.0,0.0,,
2026-04-25,202655042504,高千穂峰賞(A1),1勝以下,ムーンオブザエース,5,99.2,ダノンターキッシュ,1,69.1,アンタンスルフレ,4,66.4,ムーンオブザエース,5,ハディア,6,アクラシア,2,True,False,0,False,0,False,0,1000,0,1000.0,0.0,,
2026-04-26,202654042609,ダイヤモンド特別(A),1勝以下,ヘルシャフト,4,98.3,グッドウッドガイ,5,93.5,メイショウヒューマ,3,65.7,グッドウッドガイ,5,グラティアスグー,6,ヘルシャフト,4,True,False,0,False,0,False,0,1000,0,1000,0,,
2026-04-27,202636042712,桜花特別(A),1勝以下,ライアン,3,100.0,ブラックバトラー,2,66.1,コスモフロイデ,1,62.0,グランコージー,4,ライアン,3,コスモフロイデ,1,True,False,0,False,0,False,0,1000,0,1000,0,,
2026-04-28,202647042801,シングレ笠松競馬コラボ開幕記念(C),1勝以下,ヒロノビックバン,5,100.0,スヴァローグ,2,100.0,グリーングリーン,1,85.2,スヴァローグ,2,ヒロノビックバン,5,ルクリリ,6,True,False,0,False,0,False,0,1000,0,1000,0,,
2026-04-28,202647042807,B3組,1勝以下,エイシンヤタガラス,6,99.4,エンゲルシュピール,2,86.6,シュレディンガー,7,46.6,シュレディンガー,7,エイシンヤタガラス,6,リングボーイ,3,True,False,0,False,0,False,0,1000,0,1000,0,,
2026-04-28,202647042808,春宵月特別(AB),1勝以下,ウインハルモニア,8,100.0,シャドウアイル,6,91.5,ヒロノラファール,2,71.7,ウインハルモニア,8,アバンチュリエ,4,セルクルクルミ,7,True,False,0,False,0,False,0,1000,0,1000,0,,
2026-04-28,202644042808,コープス・リバイバー賞(C1),1勝以下,トクシーティグレ,3,99.1,トキノカンピオーネ,2,90.9,スペイスフォース,7,58.8,トクシーティグレ,3,スペイスフォース,7,クールブリーズ,8,True,False,0,False,0,False,0,1000,0,1000,0,,
2026-04-29,202650042902,C2二,1勝以下,デイムサンライズ,4,100.0,パフオブウインド,1,99.2,スーパークール,3,55.7,デイムサンライズ,4,パフオブウインド,1,スーパークール,3,True,False,0,False,0,True,200,1000,2000,1000,2000,,
2026-04-29,202650042903,C2一,1勝以下,ゲンタツ,2,99.3,エコロアテナ,6,89.7,ハギノアグレッシブ,4,83.5,ゲンタツ,2,ハギノアグレッシブ,4,エコロアテナ,6,True,False,0,False,0,True,260,1000,2600,1000,2600,,
2026-04-29,202646042901,GWも金沢競馬で楽しみま賞(3歳),1勝以下,ファイヤーナイフ,4,98.4,アポストロフィエス,5,83.0,ミュークゴールド,8,82.9,ファイヤーナイフ,4,デルマアソ,1,ソロイノシタク,7,True,False,0,False,0,False,0,1000,0,1000,0,,
2026-04-29,202646042902,3歳B4,1勝以下,フィオーレクラウド,6,99.5,ミラコログリモア,3,74.8,ナタール,8,72.2,フィオーレクラウド,6,ナタール,8,シンデレラヒメ,5,True,False,0,False,0,False,0,1000,0,1000,0,,
2026-04-29,202646042903,3歳B3,1勝以下,リケアフェデリーニ,6,99.8,スズランクイーン,5,99.8,ロードキャリバー,2,48.0,スズランクイーン,5,ロードキャリバー,2,リケアフェデリーニ,6,True,False,0,False,0,True,190,1000,1900,1000,1900,,
2026-04-29,202647042906,主役は私がいただくよオベイ記念(3歳),1勝以下,リッチフィールド,4,98.5,ベストロマンス,6,85.2,センプレヴェルデ,3,80.2,センプレヴェルデ,3,ロゼインパルス,5,ナンヨーメルシー,2,False,False,0,False,0,False,0,1000,0,1000,0,,
2026-04-29,202650042906,C2二,1勝以下,エクスペリオン,7,100.0,スマルト,8,91.5,スマートサターン,5,79.1,スマルト,8,エクスペリオン,7,キモンキャリントン,6,True,False,0,False,0,False,0,1000,0,1000,0,,
2026-04-29,202630042902,3歳条件 未勝利,1勝以下,ブレイキンアウェイ,2,99.3,ユイガネーシャ,7,83.0,マーロウ,4,61.6,マーロウ,4,ブレイキンアウェイ,2,ユイガネーシャ,7,True,False,0,False,0,True,730,1000,7300,1000,7300,,
2026-04-29,202646042904,3歳B2,1勝以下,ロードエルドラド,8,100.0,スマイルホップ,6,82.4,ダディーズサンクス,7,53.9,ロードエルドラド,8,リュシエル,4,ダディーズサンクス,7,True,False,0,False,0,False,0,1000,0,1000,0,,
2026-04-29,202646042905,アメシスト特別(3歳),1勝以下,ウェルックス,7,100.0,キミガイチバンイイ,3,99.6,ホワイトナイル,2,57.1,ウェルックス,7,アルティオーラ,4,ディンキー,5,True,False,0,False,0,False,0,1000,0,1000,0,,
2026-04-29,202646042906,3歳A3,1勝以下,オーシャンドリーム,3,99.0,ナックステート,1,90.2,イザベラサンライズ,2,46.8,ナックステート,1,オーシャンドリーム,3,ライトアズフェザー,6,True,False,0,False,0,False,0,1000,0,1000,0,,
2026-04-29,202650042908,3歳AB,1勝以下,エイシンビルボード,8,99.2,フライトマジック,1,98.9,オーロヴェント,7,86.6,エイシンビルボード,8,サチノメグミ,6,ニシノグラシアス,4,True,False,0,False,0,False,0,1000,0,1000,0,,
2026-04-29,202644042907,日本橋賞競走(A2B1),1勝以下,ネオトキオ,7,98.3,ゼルトザーム,8,86.8,スピリットガイド,2,69.6,ネオトキオ,7,ゼルトザーム,8,ムーム,1,True,False,0,False,0,False,0,1000,0,1000,0,,
2026-04-29,202630042911,キズナ・プレミアム(B2),1勝以下,サイモンソーラン,7,99.4,ワチュゴナドゥ,5,72.3,カツノトキメキ,8,45.9,ミソタロ,4,トーセンジャック,3,バンカブルスター,2,False,False,0,False,0,False,0,1000,0,1000,0,,
2026-04-30,202647043001,C級未勝利,1勝以下,マーゴットジェム,4,100.0,クイーンズグリーン,6,83.8,ダズリングティアラ,1,72.6,マーゴットジェム,4,ソウルノット,8,クイーンズグリーン,6,True,False,0,False,0,False,0,1000,0,1000,0,,
2026-04-30,202647043002,C8組,1勝以下,スターリーナイト,1,98.2,マリエ,7,87.4,メモリーフィルム,5,55.6,マリエ,7,ロバストウォリアー,4,メモリーフィルム,5,False,False,0,False,0,False,0,1000,0,1000,0,,
2026-04-30,202647043003,C7組,1勝以下,ユウトザキンパツ,4,99.6,マリエンプラッツ,3,78.8,ツインレイ,8,69.0,マッチャンファイト,1,ユウトザキンパツ,4,マリエンプラッツ,3,True,False,0,False,0,False,0,1000,0,1000,0,,
2026-04-30,202650043008,B1,1勝以下,トップヴィヴィット,6,99.5,キクノルメイユール,3,97.9,シルバーブレッド,5,64.6,キクノルメイユール,3,トップヴィヴィット,6,ショウナンアトレ,1,True,False,0,False,0,False,0,1000,0,1000,0,,
2026-05-01,202647050102,3歳未勝利,1勝以下,ダンストンチアーズ,7,98.7,テンクウノヤマジロ,6,90.3,キャンティ,3,78.1,ヒトリセレブ,2,ダンストンチアーズ,7,キャンティ,3,True,False,0,False,0,False,0,1000,0,1000,0,,
2026-05-01,202646050101,C17,1勝以下,オブラマエストラ,5,99.8,ロングサクセション,8,75.6,コーパスクリスティ,7,64.5,コーパスクリスティ,7,オブラマエストラ,5,ナツミカン,3,True,False,0,False,0,False,0,1000,0,1000,0,,
2026-05-01,202647050104,C4組,1勝以下,ミカエル,4,99.8,コヴェナント,3,98.7,チュウワジョーダン,2,81.1,ミカエル,4,コヴェナント,3,アンサングヒロイン,7,True,False,0,False,0,False,0,1000,0,1000,0,,
2026-05-01,202646050104,C14,1勝以下,ユイノコキュウ,8,99.7,リアンジュ,4,88.4,ランドシュール,1,78.4,ユイノコキュウ,8,サノノヒーロー,6,ドンタカーミ,2,True,False,0,False,0,False,0,1000,0,1000,0,,
2026-05-01,202646050106,VLiver桜空まひろん生誕記念(C1),1勝以下,プルスウルトラ,3,99.5,ノーブルジェネシス,4,86.3,ベルウッドブラボー,1,61.2,プルスウルトラ,3,ノーブルジェネシス,4,オーデンオパール,2,True,False,0,False,0,False,0,1000,0,1000,0,,
2026-05-01,202646050107,メーデー特別(C1),1勝以下,ハクサンリバーブ,3,99.4,ミュークレグルス,1,82.2,ノースタンダード,6,78.1,カミノマジック,7,ハクサンリバーブ,3,インターシア,5,True,False,0,False,0,False,0,1000,0,1000,0,,
2026-05-01,202647050108,B6組,1勝以下,ヒルノブリスベン,4,99.9,ヤマニンエイドロン,5,67.7,シャンドゥルン,3,41.2,ヒナノマーチス,8,ヒルノブリスベン,4,ラグーン,7,True,False,0,False,0,False,0,1000,0,1000,0,,
2026-05-01,202647050109,メイ特別(C),1勝以下,トモエ,8,100.0,ラヴアンドホープ,2,85.0,ソルエパトリオット,6,76.5,トモエ,8,アオイリキマル,1,ラヴアンドホープ,2,True,False,0,False,0,False,0,1000,0,1000,0,,
2026-05-01,202644050107,C2二三四(C2三),1勝以下,ノブレスジャン,1,100.0,ロイヤルテール,7,95.0,ラピダニーニャ,4,56.0,ロイヤルテール,7,ノブレスジャン,1,アジアパテック,3,True,False,0,False,0,False,0,1000,0,1000,0,,
2026-05-01,202646050108,B14,1勝以下,ビスクウィザード,6,100.0,ボナセーラ,1,92.4,シントーツバキ,3,51.4,シントーツバキ,3,ビスクウィザード,6,ボナセーラ,1,True,False,0,False,0,True,480,1000,4800,1000,4800,,
2026-05-01,202646050109,某ウマアプリに感謝を記念(B1),1勝以下,ネバレチュゴー,3,100.0,マーキュリーセブン,6,92.8,ライズタイガ,4,47.3,ネバレチュゴー,3,ライズタイガ,4,ファビュラスロード,7,True,False,0,False,0,False,0,1000,0,1000,0,,
2026-05-01,202646050110,B12,1勝以下,マイブレイブ,2,98.8,セッカチケーン,4,92.5,テイコク,6,51.6,テイコク,6,アンクローシュ,1,グラシアーノ,3,False,False,0,False,0,False,0,1000,0,1000,0,,
2026-05-01,202647050110,大杉特別(A),1勝以下,ヴァネロペ,8,99.3,ブルーチース,7,86.5,カタルシス,5,74.3,ブルーチース,7,カタルシス,5,マルヨファーザ,6,False,False,0,False,0,False,0,1000,0,1000,0,,
2026-05-01,202644050109,あおば特別競走(3歳二),1勝以下,ワナハヴファン,3,99.9,ルガルバンダ,7,88.6,エリザベートバディ,2,70.3,ワナハヴファン,3,ルガルバンダ,7,ファインブレード,5,True,False,0,False,0,False,0,1000,0,1000,0,,
2026-05-02,202655050209,八十八夜賞(B),1勝以下,エイシンダズル,4,99.5,アマルフィー,5,91.4,エムティピース,3,60.0,エイシンダズル,4,アマルフィー,5,タガノヒナタ,2,True,False,0,False,0,False,0,1000,0,1000,0,,
2026-05-03,202646050303,えまちゃんが平井になった記念(C2),1勝以下,イサムダイヤモンド,6,99.8,マイネルクロンヌ,1,68.7,タッチザシーリング,3,54.4,イサムダイヤモンド,6,タッチザシーリング,3,ネモフィラ,4,True,False,0,False,0,False,0,1000,0,1000,0,,
2026-05-03,202646050304,C24,1勝以下,ハジメテノチュウ,4,99.9,コロニス,2,99.0,カフジウヴァ,6,81.1,コロニス,2,ハジメテノチュウ,4,カフジウヴァ,6,True,False,0,False,0,True,170,1000,1700,1000,1700,,
2026-05-04,202650050401,C2三,1勝以下,スノーデイ,1,99.7,ミートザターゲット,7,88.5,ニネンイーグミ,5,41.1,ラベンサラ,3,ニネンイーグミ,5,ヴェニスクィーン,6,False,False,0,False,0,False,0,1000,0,1000,0,,
2026-05-04,202650050403,C2一,1勝以下,ワンダーデュエル,6,96.3,リックメイン,2,71.3,クリノエニシ,3,69.1,リックメイン,2,クリノエニシ,3,ノースグロリア,7,False,False,0,False,0,False,0,1000,0,1000,0,,
2026-05-04,202635050401,ファーストステップ 2歳 新馬戦,1勝以下,マツリダゲンキマン,1,96.5,ミズサンウィズダム,3,83.5,トゥーナエンジェル,5,79.4,マツリダゲンキマン,1,ミズサンウィズダム,3,レンザン,4,True,False,0,False,0,False,0,1000,0,1000,0,,
2026-05-04,202650050406,C3一,1勝以下,カレンパンピナップ,2,100.0,サンエルサ,5,82.3,ヴァイスリヒト,6,64.8,カレンパンピナップ,2,キャバリエクエスト,3,サンエルサ,5,True,False,0,False,0,False,0,1000,0,1000,0,,
2026-05-04,202650050407,C3二,1勝以下,レッドアクトゥール,5,98.5,オレノスゴワザ,3,87.7,ミトロージア,1,71.3,レッドアクトゥール,5,ミトロージア,1,ニシノダンテ,4,True,False,0,False,0,False,0,1000,0,1000,0,,
2026-05-04,202650050408,C2,1勝以下,クラシカルカイザー,1,100.0,ザタイムズ,5,87.9,ヤザン,4,69.5,クラシカルカイザー,1,ザタイムズ,5,ゴールデンロンドン,3,True,False,0,False,0,False,0,1000,0,1000,0,,
2026-05-04,202650050409,芦毛集結!enjoyGW!C2C3,1勝以下,レスプレンドール,2,100.0,エイシンオキクルミ,1,82.9,ミキヨウッドテール,7,73.2,ミキヨウッドテール,7,クルシファー,6,レスプレンドール,2,True,False,0,False,0,False,0,1000,0,1000,0,,
2026-05-05,202648050503,メイドリーム戦(3歳),1勝以下,カワテンバッカス,5,99.8,コスモグロボーサ,4,96.0,ブルーリュバン,3,69.9,カワテンバッカス,5,コスモグロボーサ,4,キャメロン,2,True,False,0,False,0,False,0,1000,0,1000,0,,
2026-05-05,202646050507,C28,1勝以下,サヴォーカ,2,99.9,パープルヘイズ,1,78.4,ボルサリーノ,4,66.3,パープルヘイズ,1,ジャッカルズサン,5,クイーンオブロード,3,False,False,0,False,0,False,0,1000,0,1000,0,,
2026-05-05,202630050508,シャクヤク特別(A1),1勝以下,シルトプレ,6,98.4,スティールドリーム,4,94.6,ディーエスエール,7,61.1,シルトプレ,6,ブレイブアモーレ,3,スティールドリーム,4,True,False,0,False,0,False,0,1000,0,1000,0,,
2026-05-05,202646050512,スマホで投票!楽天競馬特別(A1),1勝以下,タブラオ,7,100.0,ハクサンパイオニア,8,88.8,オヌシナニモノ,1,82.9,タブラオ,7,ローズピリオド,2,オヌシナニモノ,1,True,False,0,False,0,False,0,1000,0,1000,0,,
2026-05-05,202630050512,門別なら4倍!SPAT4特別(B1),1勝以下,モーニングショー,5,99.6,オカンモシャチョウ,6,89.9,ディオスメッセージ,3,90.2,ディオスメッセージ,3,ジョルジュ,7,オカンモシャチョウ,6,False,False,0,False,0,False,0,1000,0,1000,0,,
2026-05-06,202635050601,C2三組,1勝以下,セレスチャルホープ,2,100.0,ツワモノ,5,83.0,アズーラ,7,64.1,セレスチャルホープ,2,ツワモノ,5,アズーラ,7,True,False,0,False,0,True,380,1000,3800,1000,3800,,
2026-05-06,202650050609,SPAT4プレミアムポイント賞C1,1勝以下,イスキオス,1,100.0,ルクスエクレール,5,91.8,スマートエクシード,6,88.1,イスキオス,1,スマートエクシード,6,ルクスエクレール,5,True,False,0,False,0,True,240,1000,2400,1000,2400,,
2026-05-06,202630050611,サッポロ生ビール黒ラベル特別(A1),1勝以下,スティールペガサス,6,99.5,ラッキーホープ,7,94.7,ボイラーハウス,3,56.1,ボイラーハウス,3,ラッキーホープ,7,スティールペガサス,6,True,False,0,False,0,True,550,1000,5500,1000,5500,,
2026-05-07,202650050710,A1A2,1勝以下,エイシンレオ,1,100.0,ハイエストエンド,4,98.5,ジグラート,8,79.4,エイシンレオ,1,ウォルラス,5,ジグラート,8,True,False,0,False,0,False,0,1000,0,1000,0,,
2026-05-07,202650050711,青葉特別A1,1勝以下,ダンテバローズ,1,99.7,サンライズホープ,2,85.8,インベルシオン,4,75.3,ダンテバローズ,1,インベルシオン,4,テーオーターナー,6,True,False,0,False,0,False,0,1000,0,1000,0,,
2026-05-07,202643050708,閃光スプリント(A2B1),1勝以下,サンマルシップ,2,98.8,ヒビキ,1,83.1,レーザーショー,3,50.9,サンマルシップ,2,ゼウスビスティー,5,レーザーショー,3,True,False,0,False,0,False,0,1000,0,1000,0,,
2026-05-08,202643050804,スズランデビュー(2歳),1勝以下,コパノベリーズ,2,93.1,アルレシャンヌ,4,80.2,ヨルノカガヤキ,5,71.0,ラストハニー,1,コパノベリーズ,2,ディアブロスカイ,3,True,False,0,False,0,False,0,1000,0,1000,0,,
2026-05-09,202655050904,菊池川賞,1勝以下,ウルトラノホシ,6,99.9,スマートラプター,3,77.3,ロードミッドナイト,1,76.1,ウルトラノホシ,6,テイエムタリスマ,4,ロードミッドナイト,1,True,False,0,False,0,False,0,1000,0,1000,0,,
2026-05-10,202635051001,C2,1勝以下,アンズビジン,6,99.3,ミツカネスコーピオ,2,80.0,ピースオブライツ,5,78.2,アンズビジン,6,ミツカネスコーピオ,2,ソロフィオーレ,8,True,False,0,False,0,False,0,1000,0,1000,0,,
2026-05-10,202646051002,まめちゃんぴよぴよ記念(C1),1勝以下,トラジェクトワール,1,98.7,イサムダイヤモンド,2,95.8,ローレルランウェイ,7,48.4,トラジェクトワール,1,ローレルランウェイ,7,ドンタカーミ,5,True,False,0,False,0,False,0,1000,0,1000,0,,
2026-05-10,202646051003,C14,1勝以下,コロニス,5,99.9,デルマラメール,3,85.0,ランドシュール,1,81.2,コロニス,5,デルマラメール,3,ベストイズアスク,8,True,False,0,False,0,False,0,1000,0,1000,0,,
2026-05-10,202646051010,C17,1勝以下,オブラマエストラ,3,100.0,ベストタンゴ,8,87.4,ビックゲート,1,32.1,オブラマエストラ,3,ラシェンテ,6,ベストタンゴ,8,True,False,0,False,0,False,0,1000,0,1000,0,,
2026-05-11,202645051110,不如帰特別(3歳),1勝以下,ラーマ,5,98.6,ストゥディア,6,83.4,ゴールドライン,2,54.8,ラーマ,5,ストゥディア,6,ケツァールアズール,1,True,False,0,False,0,False,0,1000,0,1000,0,,
2026-05-12,202647051201,C19組,1勝以下,オータムメモリー,7,99.6,フェスティヴフリー,2,95.7,スマートアシェル,3,77.2,オータムメモリー,7,オーケーサイン,6,ルクリリ,4,True,False,0,False,0,False,0,0,0,1000,0,,
2026-05-12,202647051202,C20組,1勝以下,フランシュフック,2,100.0,ホウライショウ,5,98.6,ヒダカサンミャク,6,95.9,ホウライショウ,5,ノカプア,3,ヒダカサンミャク,6,False,False,0,False,0,False,0,0,0,1000,0,,
2026-05-12,202647051203,C18組,1勝以下,ヒロノビックバン,7,99.7,ビジンハクメイ,2,98.4,ワンショートデイ,5,41.0,ビジンハクメイ,2,ヒロノビックバン,7,ワンショートデイ,5,True,False,0,False,0,False,0,0,0,1000,2000,,
2026-05-12,202646051205,3歳B2,1勝以下,ファイヤーナイフ,3,99.2,キミガイチバンイイ,8,95.8,ホワイトナイル,1,57.0,ファイヤーナイフ,3,アルティオーラ,6,キミガイチバンイイ,8,True,False,0,False,0,False,0,1000,0,1000,0,,
2026-05-12,202647051205,飛べ!離陸待ちニート応援杯☆(C),1勝以下,ウインクルホープ,8,99.8,ベラジオコクオウ,1,96.0,オドントグロッサム,6,64.6,デルマレッドスター,5,ウインクルホープ,8,ベラジオコクオウ,1,True,False,0,False,0,False,0,0,0,1000,0,,
2026-05-12,202647051208,C13組,1勝以下,アンヘリート,1,96.5,プルミエパルファム,2,67.9,ビービーラフター,6,55.9,アンヘリート,1,ビービーラフター,6,ウィステリアベル,7,True,False,0,False,0,False,0,0,0,1000,0,,
2026-05-12,202645051209,クラセアルタ賞(C1),1勝以下,メイショウマチルダ,7,98.3,サーブザミッション,1,69.2,ノーブルクリード,4,68.6,ドウザンワン,5,メイショウマチルダ,7,ジュウニントイロ,3,True,False,0,False,0,False,0,1000,0,1000,0,,
2026-05-12,202646051212,金沢競馬は楽天競馬で投票!特別(A2),1勝以下,スーパーチャンド,4,99.1,ハクサンミラクル,5,76.1,ローズピリオド,3,53.7,ローズピリオド,3,ハクサンミラクル,5,スーパーチャンド,4,True,False,0,False,0,True,410,1000,4100,1000,4100,,
2026-05-13,202650051306,C2二,1勝以下,メイショウオニテ,6,97.5,ファイアトーチ,4,96.1,シロズキンチャン,3,38.4,メイショウオニテ,6,ファイアトーチ,4,ディアナゼロス,7,True,False,0,False,0,False,0,1000,0,1000,0,,
2026-05-13,202647051305,神田ファミリー笑顔爆走カップ(BC),1勝以下,オーバード,3,99.7,ソルエパトリオット,8,95.6,ビートルジュース,5,58.5,オーバード,3,ソルエパトリオット,8,ビートルジュース,5,True,False,0,False,0,False,0,0,0,1000,4400,,
2026-05-13,202647051307,C4組,1勝以下,ヴェルニッツ,5,99.5,ゴーダンシング,7,85.0,クロイゼルング,3,64.1,スペシャライト,4,チュウワジョーダン,2,ゴーダンシング,7,False,False,0,False,0,False,0,0,0,1000,0,,
2026-05-13,202647051308,C3組,1勝以下,コヴェナント,6,97.5,ホウオウパシュート,1,91.1,レッドスウィング,2,61.0,コヴェナント,6,ホウオウパシュート,1,チュウワギフト,3,True,False,0,False,0,False,0,0,0,1000,0,,
2026-05-13,202650051310,A2B1,1勝以下,ジーニアスレノン,6,99.9,レイアンドダンス,4,92.2,エナアニマル,7,92.0,レイアンドダンス,4,イザグリーンライト,5,エナアニマル,7,False,False,0,False,0,False,0,1000,0,1000,0,,
2026-05-13,202647051309,稲葉山城特別(C),1勝以下,デアルーチェ,4,99.2,ジーティーララバイ,5,99.0,ゴールドリッカ,2,79.2,ジーティーララバイ,5,ギンノアラナミ,3,ゴールドリッカ,2,False,False,0,False,0,False,0,0,0,1000,0,,
2026-05-13,202647051310,B級サバイバル,1勝以下,ヤマニンエイドロン,6,94.5,ヨーコマイラヴ,4,92.0,ミノコクシュタルク,5,68.5,ハヤイモノガチ,3,ヨーコマイラヴ,4,リュクスブリランテ,1,False,False,0,False,0,False,0,0,0,1000,0,,
2026-05-13,202630051311,平取町すずらん鑑賞会特別(B3),1勝以下,ミッドナイトゲイル,4,99.6,ガロス,7,98.3,ディープレゼント,1,68.9,サユリバナ,3,パープルビューティ,5,ディープレゼント,1,False,False,0,False,0,False,0,1000,0,1000,0,,
2026-05-13,202645051311,エンプレス杯Jpn2,1勝以下,テンカジョウ,6,98.1,レイナデアルシーラ,8,56.9,アピーリングルック,4,52.1,メモリアカフェ,1,テンカジョウ,6,レイナデアルシーラ,8,True,False,0,False,0,False,0,1000,0,1000,0,,
2026-05-14,202650051403,3歳C2,1勝以下,エイシンリール,8,100.0,アルマカン,5,97.1,クレスコハルカ,1,47.1,エイシンリール,8,ミッドナイトフライ,2,スカイライズ,7,True,False,0,False,0,False,0,1000,0,1000,0,,
2026-05-14,202630051402,3歳条件 未勝利,1勝以下,ブレイキンアウェイ,6,99.9,ジャストホールド,5,99.8,ブライトホウショウ,2,85.7,ブレイキンアウェイ,6,ジャストホールド,5,ブライトホウショウ,2,True,False,0,False,0,True,150,1000,1500,1000,1500,,
2026-05-14,202645051401,3歳8,1勝以下,アメリカンサンデー,8,99.7,バババブーン,7,73.9,ハーバーショー,3,60.4,ハーバーショー,3,シェナマーブル,5,アメリカンサンデー,8,True,False,0,False,0,False,0,1000,0,1000,0,,
2026-05-14,202647051408,B5組,1勝以下,トモエ,7,99.6,マルカベント,1,99.4,トレパーク,4,63.8,マルカベント,1,コオリナラグーン,6,トモエ,7,True,False,0,False,0,False,0,0,0,1000,0,,
2026-05-14,202650051409,3歳C1,1勝以下,アラン,4,100.0,ニシノグラシアス,5,56.4,バンブトンコール,6,49.3,アラン,4,アサメシマエ,3,バンブトンコール,6,True,False,0,False,0,False,0,1000,0,1000,0,,
2026-05-14,202650051410,B1,1勝以下,メリーセンス,7,100.0,フラッシングレート,5,78.8,ラブミーメアリー,2,70.6,ラブミーメアリー,2,メリーセンス,7,ライトニングブルー,4,True,False,0,False,0,False,0,1000,0,1000,0,,
2026-05-15,202647051501,3歳未勝利,1勝以下,アイファーダッシュ,1,98.8,エイシンヒアカムズ,4,95.5,リックカリーナ,5,74.9,キャンティ,2,リックカリーナ,5,エイシンヒアカムズ,4,False,False,0,False,0,False,0,0,0,1000,0,,
2026-05-15,202647051503,和田健志31歳生誕記念杯(C),1勝以下,フィエルテ,1,97.2,シャルメイビス,5,80.7,ヴォーゲルワンド,3,66.6,フィエルテ,1,ヴォーゲルワンド,3,シャルメイビス,5,True,False,0,False,0,False,0,0,0,1000,4100,,
2026-05-15,202647051504,岐阜城特別(AB),1勝以下,ウインオーブ,7,99.5,シャドウアイル,6,83.3,レイニングキャット,2,67.4,ヒロノラファール,4,シャドウアイル,6,コパノモナルカ,5,False,False,0,False,0,False,0,0,0,1000,0,,
2026-05-15,202647051511,鵜舟特別(A),1勝以下,ドラムライム,2,100.0,セイエクシード,3,61.9,アカリリッキー,1,50.6,クロッチ,4,ドラムライム,2,ステイクラッシー,5,True,False,0,False,0,False,0,0,0,1000,0,,
2026-05-16,202655051609,鯱の門特別(3歳),1勝以下,クイーンサーガ,2,99.7,テイエムパイロダン,3,99.2,マジックアロマ,1,48.2,テイエムパイロダン,3,シズリ,7,ニシカラキタユウマ,5,False,False,0,False,0,False,0,1000,0,1000,0,,
2026-05-17,202655051708,フクシア賞(A2),1勝以下,ケイアイアンタレス,6,99.6,エイシンダズル,5,98.4,メイショウアイク,2,96.9,メイショウアイク,2,ケイアイアンタレス,6,エイシンダズル,5,True,False,0,False,0,True,160,1000,1600,1000,1600,,
2026-05-19,202646051911,スマホで投票!楽天競馬特別(A1),1勝以下,ハクサンツキミテイ,3,100.0,フラップシグナス,2,99.3,マリンデュンデュン,4,96.0,フラップシグナス,2,ハクサンツキミテイ,3,マリンデュンデュン,4,True,False,0,False,0,True,150,1000,1500,1000,1500,,
2026-05-20,202650052008,C2,1勝以下,ディザーヴユー,6,99.9,タガノディオーサ,4,99.8,ジェットエアー,5,58.7,ディザーヴユー,6,タガノディオーサ,4,ジェットエアー,5,True,False,0,False,0,True,320,1000,3200,1000,3200,,
2026-05-20,202630052011,ホクレンえん麦特別(A4),1勝以下,ヤマニンパッセ,3,99.8,モーニングショー,6,83.8,ジョルジュ,7,61.1,ヤマニンパッセ,3,モーニングショー,6,クラサーベル,2,True,False,0,False,0,False,0,1000,0,1000,0,,
2026-05-21,202630052101,3歳条件 未勝利,1勝以下,ウォーキャット,8,99.5,ヤマニンカナレット,1,92.6,ポポロン,7,84.4,ウォーキャット,8,ビリーヴザウエスト,4,ポポロン,7,True,False,0,False,0,False,0,1000,0,1000,0,,
2026-05-21,202650052109,B2,1勝以下,ベラジオガルフ,1,100.0,スマイルクラーク,2,94.7,チェリーロシアン,7,89.9,ベラジオガルフ,1,チェリーロシアン,7,スマイルクラーク,2,True,False,0,False,0,True,410,1000,4100,1000,4100,,
2026-05-21,202648052112,飛雲特別(3歳),1勝以下,ヨッシーリオ,7,99.8,ホッカイダイオー,4,99.2,アンラコル,5,58.6,エレガントファラオ,3,ホッカイダイオー,4,アンラコル,5,False,False,0,False,0,False,0,1000,0,1000,0,,
2026-05-21,202630052111,コデマリ特別(A1),1勝以下,ベストグリーン,6,100.0,ジャスパーメジャー,1,84.9,ドウドウキリシマ,2,59.1,ベストグリーン,6,ピンクヴェノム,5,ジャスパーメジャー,1,True,False,0,False,0,False,0,1000,0,1000,0,,
2026-05-22,202650052206,C2二,1勝以下,ジェリーコアコアラ,4,99.8,モノノフノミチ,6,99.7,ダンスデミルリトン,5,81.0,モノノフノミチ,6,ジェリーコアコアラ,4,ダンスデミルリトン,5,True,False,0,False,0,True,250,1000,2500,1000,2500,,
2026-05-22,202650052208,B1,1勝以下,メイショウシマト,6,100.0,アシャカデュメ,5,95.1,ブーヤカ,2,75.8,メイショウシマト,6,アシャカデュメ,5,アイヤナ,1,True,False,0,False,0,False,0,1000,0,1000,0,,
2026-05-23,202655052303,宝満山賞,1勝以下,ガルヴァナイズ,6,99.9,レディオガガ,8,99.1,サンノーブル,7,79.5,レディオガガ,8,サンノーブル,7,フクノブルジュ,1,False,False,0,False,0,False,0,1000,0,1000,0,,
2026-05-25,202646052503,カポ峯生誕記念(C1),1勝以下,ローレルランウェイ,3,99.5,ボガトイーリ,6,86.4,シェルターベルト,2,57.8,ボガトイーリ,6,シェルターベルト,2,ペダンクルアーチ,5,False,False,0,False,0,False,0,1000,0,1000,0,,
2026-05-25,202646052504,C13,1勝以下,アルサトワ,1,100.0,ミラコロカナーレ,5,85.3,キーチキング,3,52.1,ミラコロカナーレ,5,アルサトワ,1,ミスティックパワー,4,True,False,0,False,0,False,0,1000,0,1000,0,,
2026-05-25,202646052505,裕紀くん!寛太くん!誕生日おめでとう記念(C1),1勝以下,ハクサンリバーブ,7,100.0,サノノヒーロー,2,90.3,ゴルティス,3,85.7,ハクサンリバーブ,7,マイボーイ,4,サノノヒーロー,2,True,False,0,False,0,False,0,1000,0,1000,0,,
2026-05-25,202646052511,B13,1勝以下,ハクサンハナビ,3,100.0,デイドリームビーチ,8,55.5,ラブアンドラッキー,7,55.1,ラブアンドラッキー,7,ハクサンハナビ,3,ゴールドレコーダー,6,True,False,0,False,0,False,0,1000,0,1000,0,,
2026-05-27,202647052701,C級未勝利,1勝以下,ヒダカサンミャク,4,99.7,ノカプア,2,82.8,ダズリングティアラ,6,56.7,ヒダカサンミャク,4,ダズリングティアラ,6,レディボレロ,7,True,False,0,False,0,False,0,0,0,1000,0,,
2026-05-27,202630052702,3歳以上 C4ー3,1勝以下,ウィルアルター,8,97.7,キボウハホウショウ,2,89.3,クールカグラ,4,69.5,クールカグラ,4,エリジブル,3,ウィルアルター,8,True,False,0,False,0,False,0,1000,0,1000,0,,
2026-05-27,202630052704,JRA認定競走アタックチャレンジ競走(2歳),1勝以下,リュウノマッスル,1,99.4,ベラジオエイチャン,6,97.1,ダバイストリーム,8,62.3,ベラジオエイチャン,6,リュウノマッスル,1,ダバイストリーム,8,True,False,0,False,0,True,260,1000,2600,1000,2600,,
2026-05-27,202642052708,ポピー特別(3歳),1勝以下,ブラックエックス,1,99.8,ドリームファイター,5,94.0,ニンゲンテイイナ,4,66.3,ニンゲンテイイナ,4,ブラックエックス,1,ロックシュガー,6,True,False,0,False,0,False,0,1000,0,1000,0,,
2026-05-28,202630052802,Online Marche賞(C4),1勝以下,セイランマクフィ,3,100.0,チョゴリザ,8,97.5,カスタネアローズ,5,97.2,セイランマクフィ,3,カスタネアローズ,5,マドンナブルー,2,True,False,0,False,0,False,0,1000,0,1000,0,,
2026-05-28,202650052808,B1,1勝以下,ラピドフィオーレ,6,100.0,ヨドノタイヨウ,3,100.0,ライトニングブルー,2,58.6,ラピドフィオーレ,6,ヨドノタイヨウ,3,ライトニングブルー,2,True,False,0,False,0,True,310,1000,3100,1000,3100,,
2026-05-30,202654053002,C3ー4,1勝以下,エンドレステイル,1,99.9,メイショウフジタカ,5,99.9,ビッグバンドビート,4,39.1,メイショウフジタカ,5,トーアグッドラック,8,エンドレステイル,1,True,False,0,False,0,False,0,1000,0,1000,0,,
2026-05-30,202655053007,C1ー4組,1勝以下,タケノオーカン,7,99.8,ビービーダイゴ,6,89.7,チカポコ,8,87.7,タケノオーカン,7,チカポコ,8,ビービーダイゴ,6,True,False,0,False,0,True,240,1000,2400,1000,2400,,
2026-05-31,202655053101,UMATENA賞(3歳),1勝以下,テイエムカミカゼ,2,99.9,スフェーンテソーロ,4,99.5,ライフイズマネー,3,52.9,テイエムカミカゼ,2,スフェーンテソーロ,4,テイエムスワーブ,1,True,False,0,False,0,False,0,1000,0,1000,0,,
2026-05-31,202646053109,来週は百万石祭楽しもう特別(A1),1勝以下,ハクサンツキミテイ,5,99.9,オヌシナニモノ,4,96.3,ジューンノールック,2,95.4,ハクサンツキミテイ,5,ローズピリオド,6,ハクサンアルタイル,1,True,False,0,False,0,False,0,1000,0,1000,0,,
2026-06-01,202636060109,B1B2混合,1勝以下,ノヴェルウェイ,8,99.7,マナホクラニ,4,96.7,ハーツケリー,6,53.4,ニューウォーク,5,マナホクラニ,4,ハーツケリー,6,False,False,0,False,0,False,0,0,0,1000,0,,
2026-06-02,202636060201,2歳,1勝以下,リュウノカンムリ,4,99.6,コパノエビス,1,94.6,ベストプラージュ,2,70.0,リュウノカンムリ,4,ベストプラージュ,2,アットラエンテ,5,True,False,0,False,0,False,0,0,0,1000,0,,
2026-06-02,202636060202,2歳,1勝以下,マツリダゲンキマン,5,99.5,リュウゴイーグル,3,99.2,サザンオーヴィル,6,83.9,リュウゴイーグル,3,マツリダゲンキマン,5,マナホクレア,2,True,False,0,False,0,False,0,0,0,1000,0,,
2026-06-02,202646060203,C211,1勝以下,ウイングスオブラヴ,5,100.0,キトキト,4,54.6,ティアップファイト,3,45.2,ウイングスオブラヴ,5,ティアップファイト,3,クリノヒビキ,6,True,False,0,False,0,False,0,1000,0,1000,0,,
2026-06-02,202646060204,和司☆咲希結婚記念(C2),1勝以下,クリスタルウエイ,4,100.0,ダイユウボンバー,3,68.0,ジャヴェール,7,64.9,クリスタルウエイ,4,ソラムパレード,6,ダイユウボンバー,3,True,False,0,False,0,False,0,1000,0,1000,0,,
2026-06-02,202646060208,C26,1勝以下,ゴールドリバース,4,99.7,ヨドノワールド,7,71.7,ボルサリーノ,8,57.8,ボルサリーノ,8,ゴールドリバース,4,トレヴィーテ,3,True,False,0,False,0,False,0,1000,0,1000,0,,
2026-06-03,202650060303,NewBeginning 2歳初出走,1勝以下,コパノエドシリーズ,5,98.3,ベルディエス,3,96.7,マソラ,1,58.8,ヤクモヴィーナス,4,ベルディエス,3,コパノエドシリーズ,5,True,False,0,False,0,False,0,1000,0,1000,0,,
2026-06-03,202650060308,C1,1勝以下,イスキオス,3,99.9,クラシカルカイザー,5,99.9,ハローエンジェル,4,52.0,イスキオス,3,クラシカルカイザー,5,メテオレーナ,6,True,False,0,False,0,False,0,1000,0,1000,0,,
2026-06-03,202630060308,デルフィニウム特別(A1),1勝以下,ニシケンボブ,5,100.0,スティールドリーム,4,92.7,トップオブジェラス,1,83.5,ニシケンボブ,5,スティールドリーム,4,ブレイブアモーレ,3,True,False,0,False,0,False,0,1000,0,1000,0,,
2026-06-03,202630060311,ラナンキュラス特別(B1),1勝以下,トレヴェナ,4,99.9,ジャイロ,5,98.4,ジョルジュ,1,79.3,イイデマイヒメ,7,スワッガー,2,トレヴェナ,4,True,False,0,False,0,False,0,1000,0,1000,0,,
2026-06-11,202630061107,3歳以上 C3ー2 C4ー1,1勝以下,ライトニングジャブ,5,99.9,アイガイッパイ,1,98.5,ミソドレミ,6,95.7,ミソドレミ,6,ライトニングジャブ,5,クラスヴァンクル,4,True,False,0,False,0,False,0,1000,0,1000,0,,
2026-06-11,202630061109,函館競馬場開設130周年賞(C3),1勝以下,シラントロ,3,99.5,ワイルドタイタン,5,98.3,ベルオーブ,2,53.4,ワイルドタイタン,5,シラントロ,3,ベルオーブ,2,True,False,0,False,0,True,130,1000,1300,1000,1300,,
2026-06-11,202630061110,グランシャリオドリーム20(B4),1勝以下,エイイチ,5,99.9,ゲームアップロード,3,99.7,アンジュパラディ,7,55.5,エイイチ,5,ゲームアップロード,3,アンジュパラディ,7,True,False,0,False,0,True,320,1000,3200,1000,3200,,
2026-06-04,202630060401,3罩割札筝� C4���3,1勝以下,オオイシアジサイ,5,99.9,ストーリータイム,3,95.5,サンヨウコイノボリ,4,84.2,オオイシアジサイ,5,ストーリータイム,3,ベニノジェネラル,7,True,False,0,False,0,False,0,1000,0,1000,0,,
2026-06-04,202630060404,JRA茯�絎�腴区軌��≪�帥����������ｃ����潟�悟�区軌(2罩�),1勝以下,タルマエドン,1,99.9,ウィルアイガー,4,98.4,カスケードループ,8,92.5,タルマエドン,1,スマートウェイン,3,ウィルアイガー,4,True,False,0,False,0,False,0,1000,0,1000,0,,
2026-06-04,202630060411,�����亥┏���BFMP��劫��(A1),1勝以下,スティールペガサス,6,99.4,ラッキーホープ,4,98.5,カッパギ,3,68.5,ラッキーホープ,4,スティールペガサス,6,カッパギ,3,True,False,0,False,0,True,210,1000,2100,1000,2100,,
2026-06-04,202630060412,��違����潟�激�ｃ����������ャ�鴻�������潟�����H3���(������莖�,1勝以下,ストリーム,8,99.9,スペシャルチャンス,3,96.1,イッツクール,6,56.0,ストリーム,8,スペシャルチャンス,3,ボイラーハウス,1,True,False,0,False,0,False,0,1000,0,1000,0,,
2026-06-09,202630060906,3罩割札筝� C4���3,1勝以下,ウィルスカイ,7,99.5,キタノミラクル,3,89.7,フレアリングバロン,4,66.2,ウィルスカイ,7,オオイシサクラ,5,アルマロザリオ,6,True,False,0,False,0,False,0,1000,0,1000,0,,
2026-06-09,202630060908,�����ゃ����������劫��(C4),1勝以下,キタサンモンドー,1,100.0,スーパーパーリー,6,93.6,コッチャン,7,76.7,キタサンモンドー,1,サクラキングリー,8,ベラジオケンシロウ,2,True,False,0,False,0,False,0,1000,0,1000,0,,
2026-06-07,202636060701,C2,1勝以下,オーロプロサングエ,9,100.0,ミツカネスコーピオ,3,99.8,ティルナノーグ,10,84.6,ミツカネスコーピオ,3,オーロプロサングエ,9,ティルナノーグ,10,True,False,0,False,0,False,0,0,0,1000,2200,venue,
2026-06-07,202636060704,C2筝�腟�,1勝以下,レモンスフレ,1,98.7,キラン,8,95.6,ラムセス,3,68.3,キラン,8,レモンスフレ,1,ラムセス,3,True,False,0,False,0,False,0,0,0,1000,3600,venue,
2026-06-07,202636060706,3罩�C1篋�腟�,1勝以下,アメジストブルー,7,99.7,イッツオンリーラブ,6,97.6,コロッセウム,3,76.2,コロッセウム,3,アメジストブルー,7,ピッタンヌンムル,12,True,False,0,False,0,False,0,0,0,1000,0,venue,
2026-06-07,202636060707,3罩�C1筝�腟�,1勝以下,ヒナタ,2,99.9,アイビーキラリ,9,95.8,オフクマメ,11,58.9,ヒナタ,2,アイビーキラリ,9,トーセンクリステル,6,True,False,0,False,0,False,0,0,0,1000,0,venue,
2026-06-07,202636060709,C1,1勝以下,プロヴァー,1,99.6,ファルシオン,7,82.3,キタノヴァリュー,4,64.1,ミヤコプレジール,11,プロヴァー,1,ドリームパンジャ,10,True,False,0,False,0,False,0,0,0,1000,0,venue,
2026-06-07,202636060712,���羆�絣域�����莖�,1勝以下,ルコルセール,7,100.0,ウラヤ,2,96.9,スプラウティング,9,81.2,ルコルセール,7,スプラウティング,9,ウラヤ,2,True,False,0,False,0,False,0,0,0,1000,2500,venue,
2026-06-08,202636060801,C2,1勝以下,シベリアンデネブ,10,99.7,ファストパスキー,6,70.5,メッチャサザン,2,61.8,シベリアンデネブ,10,テーオーシュターデ,4,テンオーケオー,9,True,False,0,False,0,False,0,0,0,1000,0,venue,
2026-06-08,202636060803,C2���腟�,1勝以下,スパローズ,5,99.9,クインズミラ,3,90.7,アスマスティーブ,4,66.7,スパローズ,5,ソープストーン,6,クインズミラ,3,True,False,0,False,0,False,0,0,0,1000,0,venue,
2026-06-08,202636060809,C1,1勝以下,ステップ,4,99.6,キープオントップ,6,78.8,ファンシーデイ,5,62.1,キープオントップ,6,ステップ,4,ウテナ,8,True,False,0,False,0,False,0,0,0,1000,0,venue,
2026-06-08,202636060810,�����ゃ�������潟�吾�∵��(C1),1勝以下,トキノワンカラット,6,99.0,エルモドーロ,5,77.9,フタイテンホイール,7,63.4,エルモドーロ,5,トキノワンカラット,6,モーニングボタン,9,True,False,0,False,0,False,0,0,0,1000,0,venue,
2026-06-08,202636060812,���紊���劫��(A),1勝以下,ヒロシクン,2,100.0,ヒューゴ,1,68.2,コスモフロイデ,6,54.0,ヒロシクン,2,ヒューゴ,1,コスモフロイデ,6,True,False,0,False,0,False,0,0,0,1000,2500,venue,
2026-06-04,202643060402,3罩割��,1勝以下,ジーハーン,4,99.7,サトゥルヌス,10,98.5,スコーレブロー,8,67.3,ジーハーン,4,サトゥルヌス,10,リュウノキャロット,2,True,False,0,False,0,False,0,1000,0,1000,0,,
2026-06-04,202643060408,�����������������劫��(B1B2),1勝以下,ヒラボクラフィット,2,99.9,グーヴェルナイユ,4,89.8,プラズマ,1,56.2,グーヴェルナイユ,4,ヘンリー,5,スマイルモア,6,False,False,0,False,0,False,0,1000,0,1000,0,,
2026-06-04,202643060409,��泣�������ゃ�鴻�������潟��(C1),1勝以下,ソルジェンテポー,6,99.9,ピーターライズ,1,97.4,ヒルビリーエレジー,3,86.4,ソルジェンテポー,6,ピーターライズ,1,リュウノマサムネ,11,True,False,0,False,0,False,0,1000,0,1000,0,,
2026-06-05,202643060507,薤����!���������羆�羂雁�違����若��荐�綽�(C2),1勝以下,アルフェルグ,7,100.0,アンサーパスト,11,91.6,パープルライダー,9,52.4,アルフェルグ,7,マジカルレインボー,12,アルセリア,8,True,False,0,False,0,False,0,1000,0,1000,0,,
2026-06-05,202643060512,�����初※羝�2200(A2B1),1勝以下,ゼアシュネル,13,100.0,キタサンドーシン,9,85.6,タイガーチャージ,10,37.4,ゼアシュネル,13,キタサンドーシン,9,ペプチドソレイユ,2,True,False,0,False,0,False,0,1000,0,1000,0,,
2026-06-08,202644060801,C3篋�,1勝以下,レッツゴージミー,11,100.0,ファイストス,8,87.8,ツクシ,5,74.9,ファイストス,8,ツクシ,5,ドンナドンナ,10,False,False,0,False,0,False,0,1000,0,1000,0,,
2026-06-08,202644060804,3罩�1213,1勝以下,スルガビジン,6,99.9,ジュンフォルト,3,91.3,カレックス,9,65.0,ローレンモンブラン,7,スルガビジン,6,ジュンフォルト,3,True,False,0,False,0,False,0,1000,0,1000,0,,
2026-06-08,202644060808,C2121314(C213),1勝以下,ルカリリ,3,99.5,アソス,12,80.1,チマル,7,65.9,チマル,7,アエノジャッジ,10,ルカリリ,3,True,False,0,False,0,False,0,1000,0,1000,0,,
2026-06-08,202644060809,C2121314(C213),1勝以下,イントゥユー,8,99.9,ペイルムーン,9,77.0,サヴォイア,3,74.6,サブノマカナ,12,サヴォイア,3,ペイルムーン,9,False,False,0,False,0,False,0,1000,0,1000,0,,
2026-06-08,202644060810,�����ゃ�潟�違�激�若��莖�腴区軌(A2B1),1勝以下,カヌレフレイバー,2,100.0,ケテンドリーム,6,88.2,ブレスワード,1,64.6,カヌレフレイバー,2,ケテンドリーム,6,マザオ,3,True,False,0,False,0,False,0,1000,0,1000,0,,
2026-06-08,202646060803,3罩�B5��合隈(3罩�5),1勝以下,ハンターワディー,6,99.5,ライトアズフェザー,3,79.8,イザベラサンライズ,11,68.7,イザベラサンライズ,11,ハンターワディー,6,ダズリングゲーム,8,True,False,0,False,0,False,0,1000,0,1000,0,,
2026-06-08,202646060809,C17,1勝以下,フルゴリラ,3,98.2,ブレイブゼウス,2,91.2,プライムライン,7,66.9,クレイプマートル,8,プライムライン,7,ブレイブゼウス,2,False,False,0,False,0,False,0,1000,0,1000,0,,
2026-06-08,202646060811,B13,1勝以下,ハクサンハナビ,6,100.0,スカイトライア,4,76.5,ライズタイガ,5,67.6,ハクサンハナビ,6,グラシアーノ,7,スカイトライア,4,True,False,0,False,0,False,0,1000,0,1000,0,,
2026-06-08,202646060812,���絎吟�с�����������腑�!罐遵ぉ腴狗Μ��劫��(A2),1勝以下,ワールズコライド,3,100.0,バルミーウェザー,8,97.2,ガルムキャット,2,66.3,ワールズコライド,3,バルミーウェザー,8,ガルムキャット,2,True,False,0,False,0,True,270,1000,2700,1000,2700,,
2026-06-09,202646060903,C14,1勝以下,ハジメテノチュウ,8,99.9,ローレルランウェイ,2,80.7,イサムダイヤモンド,7,80.8,ハジメテノチュウ,8,セブンメイクハピー,6,ドンタカーミ,4,True,False,0,False,0,False,0,1000,0,1000,0,,
2026-06-09,202646060906,箙�莪欠�主�劫��(C1),1勝以下,ワンカードフェロー,4,100.0,ブレイクネック,1,84.9,プロスペロ,2,69.2,ワンカードフェロー,4,ブレイクネック,1,マイネルジュリアン,3,True,False,0,False,0,False,0,1000,0,1000,0,,
2026-06-09,202646060912,���羃∝�狗Μ���罐遵ぉ腴狗Μ��ф��腑�!��劫��(A2),1勝以下,ファイントパーズ,4,100.0,カズロレアート,5,93.2,マニーヒーロー,1,64.6,ファイントパーズ,4,カズロレアート,5,マニーヒーロー,1,True,False,0,False,0,True,250,1000,2500,1000,2500,,
2026-06-04,202648060407,B7腟�,1勝以下,リムショット,1,99.4,リンクスターツ,3,76.9,ワカギミ,7,61.4,ワカギミ,7,バヤシーフェイス,11,リンクスターツ,3,False,False,0,False,0,False,0,1000,0,1000,0,,
2026-06-04,202648060411,��掩儀���薈����莖�,1勝以下,アストラビアンコ,10,100.0,アルティメイタム,4,86.7,タガノアイゼン,6,45.9,アストラビアンコ,10,アルティメイタム,4,タガノアイゼン,6,True,False,0,False,0,True,1120,1000,11200,1000,11200,,
2026-06-05,202648060505,C3腟�,1勝以下,サーフギャラクシー,10,99.9,バウアピアーズ,12,97.1,デザフィアドール,9,45.1,セロリ,7,バウアピアーズ,12,フォギーレーン,5,False,False,0,False,0,False,0,1000,0,1000,0,,
2026-06-05,202648060506,������&膺�腟�紿�12���綛頑��綽�(B),1勝以下,カワテンティアラ,9,99.2,テーオーリップマン,1,91.2,セイウンピカイチ,6,66.6,テーオーリップマン,1,セイウンピカイチ,6,カワテンティアラ,9,True,False,0,False,0,True,650,1000,6500,1000,6500,,
2026-06-05,202648060508,B10腟�,1勝以下,テルケンレンスター,10,99.7,ウォーオブサウンド,2,60.8,ノーブルシャン,3,51.1,テルケンレンスター,10,テーオーニルソン,5,エクメノポリス,6,True,False,0,False,0,False,0,1000,0,1000,0,,
2026-06-05,202648060509,���莪激����������亥�劫��(C),1勝以下,ヤマカツライコウ,1,99.7,セラヴィーナス,5,64.6,サスペンスクィーン,10,64.8,ヤマカツライコウ,1,ラビオンアスール,7,ハーピークオーレ,11,True,False,0,False,0,False,0,1000,0,1000,0,,
2026-06-05,202648060511,��潟�鴻�√ぇ腥榊�劫��(A),1勝以下,メイショウタイセツ,6,99.2,ラジカルバローズ,1,76.7,エルナーニ,10,65.7,メイショウタイセツ,6,エバーシンス,9,エルナーニ,10,True,False,0,False,0,False,0,1000,0,1000,0,,
2026-06-04,202650060401,C3筝�,1勝以下,サクラヴィグール,8,99.9,メフィスト,7,79.1,サティンボディス,6,64.4,サティンボディス,6,サクラヴィグール,8,ゴールドプレミアム,4,True,False,0,False,0,False,0,1000,0,1000,0,,
2026-06-04,202650060405,紊у�ｅ��7���������C1篋�,1勝以下,アズユーライク,11,99.2,カワキタホクレア,4,93.8,エイシンカルナボン,2,90.5,アズユーライク,11,ジェットエアー,9,カワキタホクレア,4,True,False,0,False,0,False,0,1000,0,1000,0,,
2026-06-04,202650060408,C2,1勝以下,タガノディオーサ,2,100.0,パフオブウインド,10,93.5,ザタイムズ,5,72.0,ザタイムズ,5,タガノディオーサ,2,パフオブウインド,10,True,False,0,False,0,True,240,1000,2400,1000,2400,,
2026-06-04,202650060411,�����牙�����莖�,1勝以下,シンメデージー,2,100.0,ダンテバローズ,7,93.8,エイシンレオ,6,73.8,ダンテバローズ,7,インベルシオン,10,エイシンレオ,6,False,False,0,False,0,False,0,1000,0,1000,0,,
2026-06-05,202650060504,C2筝�,1勝以下,シュトローム,6,100.0,キャバリエクエスト,5,96.3,アクイール,1,63.4,キャバリエクエスト,5,エザルターレ,7,シュトローム,6,True,False,0,False,0,False,0,1000,0,1000,0,,
2026-06-05,202650060505,C2篋�,1勝以下,ブリングジョイ,8,99.2,ハイグッドシャイン,1,85.9,アンニーナ,5,67.5,スマートコマンダー,7,ヴィオマージュ,9,アンニーナ,5,False,False,0,False,0,False,0,1000,0,1000,0,,
2026-06-05,202650060508,B2,1勝以下,クレスコユウシャ,8,99.1,アイファーキャップ,3,88.4,チェリーロシアン,2,68.1,クレスコユウシャ,8,ホクザンゴールド,4,ラズライトタッカー,7,True,False,0,False,0,False,0,1000,0,1000,0,,
2026-06-05,202650060509,�����画��,1勝以下,アラン,1,98.6,トシクン,6,78.8,ベラジオソニック,3,75.6,トシクン,6,ベラジオソニック,3,クリスタルピット,2,False,False,0,False,0,False,0,1000,0,1000,0,,
2026-06-05,202650060510,��������激�с�����莖�A1A2,1勝以下,ワンダーブリング,7,98.9,ウインディーパレス,2,83.3,ジーニアスレノン,3,78.8,ワンダーブリング,7,ジーニアスレノン,3,スマイルサルファー,8,True,False,0,False,0,False,0,1000,0,1000,0,,
2026-06-05,202650060511,��������劫��A1,1勝以下,サトノルフィアン,6,100.0,フラフ,8,99.2,ゼンダンスカイ,3,65.7,サトノルフィアン,6,ミステリーボックス,9,フラフ,8,True,False,0,False,0,False,0,1000,0,1000,0,,
2026-06-06,202654060601,3罩潟��4,1勝以下,ターニーロイヤル,10,99.9,プグナファータ,7,94.5,クリュメノス,3,76.9,ターニーロイヤル,10,クリュメノス,3,チュラリヴァル,9,True,False,0,False,0,False,0,1000,0,1000,0,,
2026-06-06,202654060602,3罩潟��3,1勝以下,フウリンカザン,9,100.0,サンセットロード,3,98.9,ジョウショーレーヴ,8,65.1,フウリンカザン,9,ユミッチラブ,4,コスモラパウィラ,1,True,False,0,False,0,False,0,1000,0,1000,0,,
2026-06-06,202654060603,3罩潟��2,1勝以下,コンヴァーンクル,10,99.4,シデンイッセン,9,80.3,ソックス,3,65.2,キヨスリョウマ,8,シデンイッセン,9,コンヴァーンクル,10,True,False,0,False,0,False,0,1000,0,1000,0,,
2026-06-06,202654060605,C3���9,1勝以下,コパノハンプトン,5,100.0,リワードパシオン,7,89.5,シルバーニース,3,60.3,コパノハンプトン,5,エターナルライズ,4,ケーニッヒブルート,6,True,False,0,False,0,False,0,1000,0,1000,0,,
2026-06-06,202654060606,C3���8,1勝以下,フクノスパイン,9,99.3,ロードステイタス,4,93.0,エレガントウインク,1,67.3,フクノスパイン,9,エメラルハッピー,2,ロードステイタス,4,True,False,0,False,0,False,0,1000,0,1000,0,,
2026-06-06,202654060608,B���3,1勝以下,ミッキーストライク,3,99.9,グレイストーム,7,69.7,ベストディシジョン,4,65.8,ミッキーストライク,3,コロンバージュ,8,ベストディシジョン,4,True,False,0,False,0,False,0,1000,0,1000,0,,
2026-06-07,202654060704,3罩潟��6,1勝以下,シティプロスパー,6,99.8,トシッキーセカンド,9,95.0,メイショウゴウケツ,7,74.5,トシッキーセカンド,9,シティプロスパー,6,メイショウゴウケツ,7,True,False,0,False,0,True,310,1000,3100,1000,3100,,
2026-06-07,202654060706,AB羞桁��,1勝以下,プレイサーゴールド,3,99.7,ヴァンケドミンゴ,8,94.3,ケイアイメープル,1,75.4,ヴァンケドミンゴ,8,ミズワリヲクダサイ,11,カムランベイ,12,False,False,0,False,0,False,0,1000,0,1000,0,,
2026-06-07,202654060709,C3���10,1勝以下,ローガンパス,3,100.0,アメージングラン,4,98.1,オブリマイラブ,7,80.5,ローガンパス,3,アメージングラン,4,ペイシャブギー,6,True,False,0,False,0,False,0,1000,0,1000,0,,
2026-06-07,202654060710,A���3,1勝以下,シンリンゲンカイ,4,98.3,ジャスパーバローズ,6,89.8,ミシェラドラータ,1,68.1,ゲンヨウサイ,2,シンリンゲンカイ,4,ミシェラドラータ,1,True,False,0,False,0,False,0,1000,0,1000,0,,
2026-06-07,202654060711,A���2,1勝以下,ミスズグランドオー,7,99.8,グッドウッドガイ,3,97.9,ロードエクレール,5,96.3,ミスズグランドオー,7,ウインザナドゥ,4,ロイズピーク,6,True,False,0,False,0,False,0,1000,0,1000,0,,
2026-06-06,202655060605,紊у��綏�莖�(A1),1勝以下,ツークフォーゲル,3,100.0,トルーマンテソーロ,1,74.9,レディオガガ,2,66.8,ロードミッドナイト,5,レディオガガ,2,ツークフォーゲル,3,True,False,0,False,0,False,0,1000,0,1000,0,,
2026-06-06,202655060606,C2���3腟�,1勝以下,アックアヴィリーレ,7,100.0,フーレイ,5,89.8,ミコノオンガエシ,3,60.6,アックアヴィリーレ,7,ミコノオンガエシ,3,マリアブーケ,11,True,False,0,False,0,False,0,1000,0,1000,0,,
2026-06-06,202655060607,C1���12腟�,1勝以下,ピエナクレスコ,9,100.0,ナックオリオン,3,90.4,ワイドレッド,5,81.5,ピエナクレスコ,9,ナックオリオン,3,ワイドレッド,5,True,False,0,False,0,True,920,1000,9200,1000,9200,,
2026-06-06,202655060608,C1���11腟�,1勝以下,マイネルダンク,6,99.9,マーシャン,7,77.4,クリノマイスター,11,60.5,マイネルダンク,6,ステイフレンズ,10,ハルヨコイ,5,True,False,0,False,0,False,0,1000,0,1000,0,,
2026-06-07,202655060702,2罩潟��1腟�,1勝以下,プレアボス,5,99.1,バミューダボーイ,8,80.6,ナベシマスター,7,70.9,プレアボス,5,ドラゴンアイ,3,リュウノスパーク,6,True,False,0,False,0,False,0,1000,0,1000,0,,
2026-06-07,202655060705,C2���5腟�,1勝以下,ジーティージン,3,99.7,エイシンパルサー,8,93.2,ボーズマン,2,62.7,エイシンパルサー,8,ジーティージン,3,ドリフトウッド,7,True,False,0,False,0,False,0,1000,0,1000,0,,
2026-06-07,202655060706,C1���15腟�,1勝以下,シャーマンズケイブ,7,99.9,ジーティーレイナ,6,99.7,レジェンド,2,95.4,レジェンド,2,ジーティーレイナ,6,レジェンダイズ,9,False,False,0,False,0,False,0,1000,0,1000,0,,
2026-06-07,202655060710,AI������������莖�(B),1勝以下,バイルシュタイン,5,98.8,オレノアイバ,7,79.0,ミランカ,9,66.7,バイルシュタイン,5,ヴィアトル,1,オレノアイバ,7,True,False,0,False,0,False,0,1000,0,1000,0,,
2026-06-07,202655060711,��������上婚��拷��(C2),1勝以下,カンカール,3,99.9,ルミナスフラックス,8,98.7,ミッキージェントル,6,68.8,カンカール,3,ミッキージェントル,6,ルミナスフラックス,8,True,False,0,False,0,True,340,1000,3400,1000,3400,,
2026-06-12,202647061201,C7組,1勝以下,ハードロックスター,10,89.9,ダットデア,5,89.1,アースリーブラ,8,52.7,ヤマジュンセーヌ,3,ダットデア,5,プロペラシャフト,7,False,False,0,False,0,False,0,0,0,900,0,multi_horse,10頭
2026-06-12,202647061203,宮川特別(C),1勝以下,インティパイロ,11,93.7,ジーティーパリス,8,90.9,ゴージャスレディ,7,66.2,ジーティーパリス,8,ゴージャスレディ,7,インティパイロ,11,True,False,0,False,0,False,0,0,0,900,2040,multi_horse,12頭
2026-06-12,202647061204,神通川特別(A),1勝以下,マルヨハルキ,3,97.4,ドラムライム,5,86.2,ブルーチース,1,67.5,マルヨハルキ,3,ニホンピロポート,4,ゴーゴーバースデイ,6,True,False,0,False,0,False,0,0,0,1000,0,venue,笠松
2026-06-12,202647061205,引退馬メイショウドトウ杯(C),1勝以下,プリュムドランジュ,3,99.8,アンミツヒメ,9,77.6,スザンナ,7,77.5,プリュムドランジュ,3,ミエルシトロン,5,スザンナ,7,True,False,0,False,0,False,0,0,0,900,660,multi_horse,10頭
2026-06-12,202644061201,3歳一二三(3歳二),1勝以下,エヌケイサイボウ,5,77.5,ノットボーダー,4,76.7,パルマシェール,8,54.7,ノットボーダー,4,リヨンド,6,パルマシェール,8,False,False,0,False,0,False,0,0,0,900,990,multi_horse,10頭
2026-06-12,202644061202,3歳一二三(3歳二),1勝以下,シャンスラード,9,99.7,グランマローネ,5,95.9,エイトザット,6,71.1,ムサシタルマエ,11,グランマローネ,5,エイトザット,6,False,False,0,False,0,False,0,0,0,900,1050,multi_horse,11頭
2026-06-12,202644061203,3歳一二三(3歳二),1勝以下,バーバリオン,1,83.6,リコータロス,2,75.5,サイゴニアイハカツ,10,73.8,バーバリオン,1,カナホゲラ,6,リコータロス,2,True,False,0,False,0,False,0,0,0,900,1080,multi_horse,12頭
2026-06-12,202647061206,藤田あずさ生誕記念(C),1勝以下,ネバーランドリーム,5,90.6,エスポワールドロワ,6,88.8,ネクタリス,8,77.1,ロバストウォリアー,3,エスポワールドロワ,6,ネクタリス,8,False,False,0,False,0,False,0,0,0,900,570,multi_horse,10頭
2026-06-12,202647061207,喜寿おめでとう!山本範子御祝(C),1勝以下,ヒルノセビリア,7,96.9,リアルカイザー,1,90.8,シノノメ,4,39.0,ヒルノセビリア,7,ダングラール,8,エンブレイスメント,9,True,False,0,False,0,False,0,0,0,900,0,multi_horse,10頭
2026-06-12,202647061208,C3組,1勝以下,サツキバラード,7,76.6,ジーグフェルド,6,74.1,ウィルソンウェイ,1,72.7,サツキバラード,7,ウィルソンウェイ,1,スマートマナリス,10,True,False,0,False,0,False,0,0,0,900,720,multi_horse,10頭
2026-06-12,202647061209,山本勝吉郎10歳記念御祝レース(BC),1勝以下,ジーティーララバイ,7,99.5,ヴェルニッツ,10,89.8,ジャーニーメモリー,3,63.8,ギンノアラナミ,4,ジャーニーメモリー,3,ジーティーララバイ,7,True,False,0,False,0,False,0,0,0,900,960,multi_horse,10頭
2026-06-12,202650061201,3歳C2,1勝以下,サンミゲル,12,99.6,メイプルディープ,5,66.3,タイシン,6,66.5,タイシン,6,サンミゲル,12,オニギリ,9,True,False,0,False,0,False,0,0,0,900,480,multi_horse,12頭
2026-06-12,202650061202,C3二,1勝以下,タガノグリジオ,10,99.8,マダムレディバグ,7,75.3,シェナホープ,1,53.6,モンシャトール,3,マダムレディバグ,7,タガノグリジオ,10,True,False,0,False,0,False,0,0,0,900,480,multi_horse,10頭
2026-06-12,202650061204,C3二,1勝以下,イングリッドローズ,3,100.0,パリパリ,1,78.7,アブラカタブラ,6,58.4,パリパリ,1,メイショウロンド,2,アウトサイドベット,4,False,False,0,False,0,False,0,1000,0,1000,0,,
2026-06-12,202644061204,C2三四五(C2四),1勝以下,ヤサカスター,2,100.0,アメージングビュー,5,94.8,シタベッド,7,68.2,ヤサカスター,2,アイソタイプ,6,シンアルマトゥラ,4,True,False,0,False,0,False,0,0,0,900,0,multi_horse,9頭
2026-06-12,202644061205,C2三四五(C2四),1勝以下,ヘビーキュー,3,75.0,ベルジャッド,8,69.8,アイヲコメテ,1,49.5,アイヲコメテ,1,ヤマノリッチ,10,ベルジャッド,8,False,False,0,False,0,False,0,0,0,900,1770,multi_horse,14頭
2026-06-12,202644061206,C2三四五(C2四),1勝以下,シカレ,10,86.6,イロンデル,11,80.7,クチャモザクワジャ,7,66.8,イロンデル,11,クチャモザクワジャ,7,ビーンスモークモカ,9,False,False,0,False,0,False,0,0,0,900,750,multi_horse,12頭
2026-06-12,202644061207,キャンサー賞競走(B2),1勝以下,ヨシノダイセン,4,80.7,アレスエルピーダ,5,79.7,シャドウキャッスル,7,78.4,ヨシノダイセン,4,シャープムスタング,11,モズユウガ,9,True,False,0,False,0,False,0,0,0,900,0,multi_horse,11頭
2026-06-12,202647061210,馬瀬川特別(C),1勝以下,マリエ,3,82.4,ポートタウランガ,7,75.2,カプア,8,61.4,カプア,8,エイシンタヴェルナ,5,ポートタウランガ,7,False,False,0,False,0,False,0,0,0,900,450,multi_horse,10頭
2026-06-12,202647061212,飛騨オープン(A),OP,エイシンガウディ,8,95.1,ヒフミバンダム,4,93.2,ミランミラン,2,65.9,エイシンガウディ,8,ミランミラン,2,スペシャルトーク,5,True,False,0,False,0,False,0,0,0,900,1140,multi_horse,9頭
2026-06-12,202650061205,C3一,1勝以下,コスモタイシ,8,95.9,クイーンオブリリー,3,71.7,ランスオブコメット,5,66.9,コスモタイシ,8,クイーンオブリリー,3,テイケイソナサポ,6,True,False,0,False,0,False,0,0,0,900,750,multi_horse,9頭
2026-06-12,202650061206,C3一,1勝以下,レーヌガレット,10,99.9,クリノオーサム,7,98.9,クロアン,2,51.3,アシャンテガール,5,クリノオーサム,7,レーヌガレット,10,True,False,0,False,0,False,0,0,0,900,330,multi_horse,10頭
2026-06-12,202650061207,C2二,1勝以下,マライカ,4,99.8,アーウイン,9,89.0,ヤマニンラベーラ,10,71.6,マライカ,4,プライムテーラー,7,アーウイン,9,True,False,0,False,0,False,0,0,0,900,480,multi_horse,10頭
2026-06-12,202644061208,ジン・ライム賞(C1四),1勝以下,スカイイズユアーズ,9,99.1,ハクアイソレイユ,13,77.8,クアッズ,1,74.4,グロワールスカイ,2,コーゲンシルバー,6,クアッズ,1,False,False,0,False,0,False,0,0,0,900,0,multi_horse,13頭
2026-06-12,202644061209,印西市コスモス賞(C1四),1勝以下,デュピュイドローム,13,100.0,ヘイシリン,14,99.2,コスモトロイメル,2,50.9,デュピュイドローム,13,ヘイシリン,14,サウンドクラージュ,1,True,False,0,False,0,False,0,0,0,900,360,multi_horse,14頭
2026-06-12,202644061210,若竹賞競走(3歳)OP,1勝以下,コスモギガンティア,5,96.9,アヤサンジョウタロ,3,59.4,ナインフォルド,9,57.4,コスモギガンティア,5,クレームドール,13,アヤサンジョウタロ,3,True,False,0,False,0,False,0,0,0,900,810,multi_horse,14頭
2026-06-12,202650061208,C2一,1勝以下,スプリガン,5,99.5,エズヴィラージュ,9,97.7,ガルバナム,6,51.1,エズヴィラージュ,9,スプリガン,5,ガルバナム,6,True,False,0,False,0,False,0,0,0,900,1650,multi_horse,10頭
2026-06-12,202650061209,C2,1勝以下,エナドライブ,7,99.9,パープルパライソ,12,96.6,プエルトガレラ,11,69.4,エナドライブ,7,ラベンサラ,10,プエルトガレラ,11,True,False,0,False,0,False,0,0,0,900,510,multi_horse,12頭
2026-06-12,202650061210,アジサイ賞C1,1勝以下,サルファー,6,99.7,ゼットシルヴィア,2,94.9,メイショウマゴイチ,9,72.2,ゼットシルヴィア,2,サルファー,6,ホウオウヌーヴォー,7,True,False,0,False,0,False,0,0,0,900,510,multi_horse,11頭
2026-06-12,202644061211,スポーツ報知賞競走(B1),1勝以下,プレストステラ,9,88.5,サトノリリウム,1,82.2,ゴールデンブザー,8,67.1,サトノリリウム,1,プレストステラ,9,ゴールドジャッジ,10,True,False,0,False,0,False,0,0,0,900,660,multi_horse,11頭
2026-06-12,202644061212,てんびん座特別競走(C1四),1勝以下,ティーズリンク,12,75.5,サクラジェンヌ,10,70.3,エスプリリチャード,3,44.1,ロッソナブア,1,ポアゾンノアール,7,アフターレヴュー,2,False,False,0,False,0,False,0,0,0,900,0,multi_horse,14頭
2026-06-12,202650061211,大阪発刊45周年記念 日刊ゲンダイ賞A1(A1A2),1勝以下,ジグラート,6,93.1,ヴィーリヤ,12,69.8,ラヴィアン,11,51.0,ウォルラス,10,テーオーターナー,1,ジグラート,6,True,False,0,False,0,False,0,0,0,900,0,multi_horse,12頭
2026-06-12,202650061212,ダリア賞B1B2,1勝以下,エルピーゾ,10,88.0,ゼンダンノハゲミ,5,81.7,ハイラブソング,6,77.5,ゼンダンノハゲミ,5,アドワン,4,ハイラブソング,6,False,False,0,False,0,False,0,0,0,900,1350,multi_horse,12頭
2026-06-13,202655061301,パッカルくんのおとしもの賞(3歳),1勝以下,モズノシアワセ,4,99.9,スフェーンテソーロ,10,96.0,テイエムスワーブ,5,55.3,モズノシアワセ,4,エイトノット,7,スフェーンテソーロ,10,True,False,0,False,0,False,0,1000,0,1000,0,,
2026-06-13,202654061302,C3ー4,1勝以下,ウインドファルクス,11,100.0,ブルームソング,8,88.9,トーケンクミー,10,67.3,コンジャンクション,2,ウインドファルクス,11,ブルームソング,8,True,False,0,False,0,False,0,1000,0,1000,0,,
2026-06-13,202654061303,C1ー6,1勝以下,ワンダフルトゥデイ,1,99.6,トップアメリカン,3,77.1,アードラー,10,57.2,ワンダフルトゥデイ,1,ヴィアダクト,9,ニヨドスマイル,2,True,False,0,False,0,False,0,1000,0,1000,0,,
2026-06-13,202654061305,C1ー4,1勝以下,ララマルシュドロワ,10,100.0,リワードインペリオ,11,97.1,コパノジェームス,6,45.1,ララマルシュドロワ,10,リワードインペリオ,11,アプサラー,4,True,False,0,False,0,False,0,1000,0,1000,0,,
2026-06-13,202655061304,初夏賞(B),1勝以下,ブラーブデシジョン,7,100.0,コスモバシレウス,5,99.7,ウインユアソング,3,74.4,コスモバシレウス,5,ブラーブデシジョン,7,ウイントールキン,9,True,False,0,False,0,False,0,1000,0,1000,0,,
2026-06-13,202655061306,C2ー12組,1勝以下,チャンピオンヤマト,5,99.9,キタノヴァルカン,4,72.3,ウインクレドール,6,71.9,チャンピオンヤマト,5,バーチャルアイドル,3,キタノヴァルカン,4,True,False,0,False,0,False,0,1000,0,1000,0,,
2026-06-13,202655061309,トケイソウ賞,1勝以下,ラディアントホース,2,99.7,コスモメイゲツ,9,85.5,ゲットザフェイム,3,60.4,ラディアントホース,2,コスモメイゲツ,9,ゲットザフェイム,3,True,False,0,False,0,True,330,1000,3300,1000,3300,,
2026-06-14,202636061403,C2九組,1勝以下,ロストボール,1,99.9,ディオファントス,9,97.2,エバーアリエル,7,78.7,ロストボール,1,エバーアリエル,7,ディオファントス,9,True,False,0,False,0,False,0,0,0,100,100,place_mid,1頭
2026-06-14,202636061404,C2八組,1勝以下,ヤマニンラリアンス,3,97.4,ハッピーグローリー,6,76.7,カゼヨウビ,2,45.3,ヤマニンラリアンス,3,ヨツバミッチー,5,カリスティア,4,True,False,0,False,0,False,0,0,0,100,0,place_mid,1頭
2026-06-14,202636061405,C2七組,1勝以下,クリナッチ,3,99.4,レモンスフレ,2,85.0,アニマルキリシマ,7,69.0,クリナッチ,3,アニマルキリシマ,7,レモンスフレ,2,True,False,0,False,0,False,0,0,0,100,100,place_mid,1頭
2026-06-14,202636061406,C2,1勝以下,レーニス,7,98.9,ティルナノーグ,6,96.5,イールテソーロ,4,69.7,イールテソーロ,4,アグリオ,8,レーニス,7,True,False,0,False,0,False,0,0,0,1000,0,venue,水沢
2026-06-14,202636061407,B1,1勝以下,ロベルタカリーナ,8,87.5,チャルドーニ,2,85.2,ピンクノバラ,6,79.0,ノーダブルディップ,10,チャルドーニ,2,スターライトテール,9,False,False,0,False,0,False,0,0,0,900,0,multi_horse,10頭
2026-06-14,202636061408,3歳B1,1勝以下,シラカミインパルス,9,95.8,イタズラベガ,1,87.0,リコーホーク,7,75.4,サスケベラ,8,リコーホーク,7,シラカミインパルス,9,True,False,0,False,0,False,0,0,0,900,1110,multi_horse,11頭
2026-06-14,202646061402,紫陽花特別(2歳),1勝以下,エムザックダンサー,4,99.7,カネトシエルド,5,81.3,スターワンフジサン,6,62.5,エムザックダンサー,4,カネトシエルド,5,スターワンフジサン,6,True,False,0,False,0,True,150,1000,1500,100,130,place_mid,1頭
2026-06-14,202654061401,C3ー3,1勝以下,エンドレステイル,10,98.3,アルデツヨシ,7,93.2,フォートポータル,6,45.1,エンドレステイル,10,イカホ,1,ハンドレインジ,5,True,False,0,False,0,False,0,0,0,100,0,place_mid,1頭
2026-06-14,202665061401,初夏のぷーすけ帯広参上!,1勝以下,エマパワー,8,48.0,ジェイワンダー,6,45.4,ホクセイソウダネー,1,40.4,ホクセイソウダネー,1,ジェイワンダー,6,エマパワー,8,True,False,0,False,0,False,0,0,0,200,540,place_mid,2頭
2026-06-14,202665061402,2歳新馬,1勝以下,ヒサノタイガー,1,36.0,ヨーコ,7,34.0,コマサンブロッサム,5,33.5,コハクヒメ,8,ヨーコ,7,トト,4,False,False,0,False,0,False,0,0,0,200,120,place_mid,2頭
2026-06-14,202665061403,2歳新馬,1勝以下,ツカサロイヤル,7,38.3,ストロングポイント,6,38.1,ヌサマイサンセット,1,36.8,ゴールドタカラ,3,ストロングポイント,6,ジェイカムイ,9,False,False,0,False,0,False,0,0,0,200,200,place_mid,2頭
2026-06-14,202636061409,B2,1勝以下,オールウェズキズナ,8,99.6,ビリオネアボーイ,6,99.2,メリア,2,50.5,ドナマギー,3,ビリオネアボーイ,6,オールウェズキズナ,8,True,False,0,False,0,False,0,0,0,900,480,multi_horse,10頭
2026-06-14,202636061410,猊鼻渓賞(B2),1勝以下,グローサーベア,5,95.4,マルーントリック,7,77.9,ピュアケミストリー,10,39.4,マルーントリック,7,オプティクス,1,グローサーベア,5,True,False,0,False,0,False,0,0,0,900,870,multi_horse,10頭
2026-06-14,202636061411,ウイナーカップ重賞,1勝以下,リアルライン,3,98.4,アウトザロー,7,95.1,ベアコルム,2,83.8,ベアコルム,2,ジェイエルビット,1,リアルライン,3,True,False,0,False,0,False,0,0,0,900,780,multi_horse,12頭
2026-06-14,202646061403,C24,1勝以下,クリスタルウエイ,1,100.0,アドバンスドリーム,2,87.2,マードラド,4,37.3,クリスタルウエイ,1,ネモフィラ,3,マードラド,4,True,False,0,False,0,False,0,1000,0,100,0,place_mid,1頭
2026-06-14,202646061404,シビル30周年記念杯(B2),1勝以下,モズアカトンボ,3,85.9,オコジュ,5,79.0,ハクサンサクヤヒメ,8,51.0,オコジュ,5,モズアカトンボ,3,プルスウルトラ,2,True,False,0,False,0,False,0,0,0,900,810,multi_horse,10頭
2026-06-14,202646061405,B22,1勝以下,ハクサンリバーブ,4,98.3,パンテレリア,8,83.9,サルジュ,9,60.8,パンテレリア,8,ハクサンリバーブ,4,サルジュ,9,True,False,0,False,0,False,0,0,0,100,100,place_mid,1頭
2026-06-14,202654061402,C3ー2,1勝以下,ホークレア,10,97.9,ジェットブレイク,4,95.4,テソリーノ,5,42.6,テソリーノ,5,ベルヴィオレット,8,ブリックバーン,11,False,False,0,False,0,False,0,0,0,900,0,multi_horse,11頭
2026-06-14,202654061403,C2ー8,1勝以下,ティアップマッハ,3,99.6,スリーローズ,8,99.0,ウインリベラーレ,5,56.4,ウインリベラーレ,5,ティアップマッハ,3,スリーローズ,8,True,False,0,False,0,False,0,0,0,900,2280,multi_horse,9頭
2026-06-14,202654061404,C2ー7,1勝以下,ロイヤルダンス,6,98.6,スーパーキティ,2,96.8,クリノバーグマン,7,87.3,ロイヤルダンス,6,クリノバーグマン,7,スーパーキティ,2,True,False,0,False,0,False,0,0,0,900,1590,multi_horse,10頭
2026-06-14,202654061405,日曜市特別(C2),1勝以下,プレジール,11,99.9,グラティアスミノル,8,97.7,ミナトノソウタ,5,77.1,プレジール,11,ミナトノソウタ,5,ショウナンナツゾラ,2,True,False,0,False,0,False,0,0,0,900,660,multi_horse,11頭
2026-06-14,202665061404,さかいさやか帯広初上陸杯(2歳),1勝以下,ホクセイスピカ,6,38.6,クシロキングマン,4,38.2,テンノキズナ,1,35.5,クシロキングマン,4,ハマカムイ,5,キョウエイムサシ,2,False,False,0,False,0,False,0,0,0,200,110,place_mid,2頭
2026-06-14,202665061405,和輝くん生誕おめでた杯!(2歳),1勝以下,インテグラル,2,40.9,クリスタルソリッド,7,41.2,アオニシキ,6,40.8,アオニシキ,6,ビエイキャノン,5,クリスタルソリッド,7,False,False,0,False,0,False,0,0,0,200,130,place_mid,2頭
2026-06-14,202665061406,第54回 史則カップ,1勝以下,ホクセイアサノヤマ,5,45.2,ピュアリーヒナリ,2,44.6,エムトップ,3,39.5,ツガルミサキ,6,キタノレンザン,1,ピュアリーヒナリ,2,False,False,0,False,0,False,0,0,0,200,190,place_mid,2頭
2026-06-14,202636061412,チャイナアスタ賞(B2),1勝以下,キッスミーアイ,5,81.4,インディーフィルム,3,58.9,アルファシリウス,4,48.4,インディーフィルム,3,キッスミーアイ,5,フェズカズマ,8,True,False,0,False,0,False,0,0,0,100,180,place_mid,1頭
2026-06-14,202646061406,日本海スプリント重賞,1勝以下,リュウノブレイク,1,88.0,タブラオ,9,75.0,フラップシグナス,4,63.3,キュムロンニンバス,11,リュウノブレイク,1,タブラオ,9,True,False,0,False,0,False,0,0,0,900,1080,multi_horse,11頭
2026-06-14,202646061407,楽天競馬で馬券を買おう!楽天競馬特別(C2),1勝以下,オルミラベル,6,77.7,ハットメリリー,7,72.3,エイユーサブリナ,4,69.9,オルミラベル,6,ハットメリリー,7,ユリオプスイエロー,9,True,False,0,False,0,False,0,0,0,900,960,multi_horse,10頭
2026-06-14,202646061408,幻のいちじく黒蜜姫杯(C2),1勝以下,ラストヨンマル,7,89.2,ビヨンドザシーン,3,84.4,ブレードダンシング,1,58.5,プレストバローズ,2,ブリックス,5,ラストヨンマル,7,True,False,0,False,0,False,0,0,0,900,0,multi_horse,10頭
2026-06-14,202654061406,高知優駿重賞,1勝以下,カツテナイオイシサ,7,99.1,トサノシュジンコウ,9,82.2,クスダマ,3,64.4,カツテナイオイシサ,7,クスダマ,3,トサノシュジンコウ,9,True,False,0,False,0,False,0,0,0,100,130,place_mid,1頭
2026-06-14,202654061407,アジサイ特別(C3),1勝以下,アンビシュー,1,99.3,ソルデマジョ,8,99.0,ワキノクイーン,3,81.9,アンビシュー,1,マイネルビジョン,4,ワキノクイーン,3,True,False,0,False,0,False,0,1000,0,1000,0,,
2026-06-14,202654061408,C1ー3,1勝以下,ガラパゴス,9,95.3,メイショウシロガネ,4,89.7,ナムライリス,8,64.0,ステラマテュティナ,10,ガラパゴス,9,メイショウシロガネ,4,True,False,0,False,0,False,0,0,0,900,510,multi_horse,11頭
2026-06-14,202654061409,C1ー2,1勝以下,カレンロマチェンコ,2,96.9,ムサシフウジン,6,67.7,イエデゴロゴロ,7,35.3,ムサシフウジン,6,イエデゴロゴロ,7,カレンロマチェンコ,2,True,False,0,False,0,False,0,0,0,100,190,place_mid,1頭
2026-06-14,202665061407,きんぐは俺たちの誇り,1勝以下,ミオリブロッサム,9,51.8,マツサンブラック,3,44.7,リキ,6,40.9,マツサンブラック,3,マオノウンカイ,2,クリスタルヒリュウ,7,False,False,0,False,0,False,0,0,0,200,100,place_mid,2頭
2026-06-14,202665061408,愛しの帯広競馬場でさら晩星,1勝以下,ホクセイボーイ,6,51.7,ジェイセリーヌ,7,34.9,キタサカエシンバ,1,33.0,ホクセイボーイ,6,ホクセイキレイズキ,2,ジェイセリーヌ,7,True,False,0,False,0,False,0,0,0,200,250,place_mid,2頭
2026-06-14,202665061409,啓史・小森谷・榎本送別記念,1勝以下,イワキオーカン,6,43.9,マゴ,2,40.0,トップトレジャー,5,38.1,ジェイマーサ,4,オレニマカセロ,3,マゴ,2,False,False,0,False,0,False,0,0,0,200,100,place_mid,2頭
2026-06-14,202665061410,祝!坂入43周年破壊と創造,1勝以下,クリスタルハート,6,44.7,タアボモリウチ,8,43.0,サカノハマナカ,2,38.9,ホクトヒーロー,9,サカノハマナカ,2,タカシオ,1,False,False,0,False,0,False,0,0,0,200,0,place_mid,2頭
2026-06-14,202646061409,ろこ★お留守番ごめんね杯(C2),1勝以下,シナモンブルー,5,100.0,カラーズリング,9,98.7,トップタルマエ,10,46.9,シナモンブルー,5,ダフニス,1,トップタルマエ,10,True,False,0,False,0,False,0,0,0,900,870,multi_horse,10頭
2026-06-14,202646061410,能登復興支援 宝達葛特別(B2),1勝以下,ホワイトヘッド,2,99.2,エルオレンス,4,98.9,サクラルーフェン,5,72.5,エルオレンス,4,ミヤギロード,6,ホワイトヘッド,2,True,False,0,False,0,False,0,0,0,900,450,multi_horse,11頭
2026-06-14,202654061410,早明浦ダム特別(C1),1勝以下,ビッグショータイム,8,78.1,ストームバンガード,3,70.4,スノーホルンロード,6,68.9,スノーホルンロード,6,マジックタッチ,7,ストームバンガード,3,False,False,0,False,0,False,0,0,0,100,0,place_mid,1頭
2026-06-14,202654061411,ファイナルレース(C1),1勝以下,シュクメルリ,10,81.1,ディベルティール,9,62.0,ペプチドヒナタ,8,54.8,ディベルティール,9,ツヴァイシュテルネ,4,ノーブルラン,7,False,False,0,False,0,False,0,0,0,200,250,place_mid,2頭
2026-06-14,202665061411,北斗賞重賞,1勝以下,コウテイ,8,49.4,マルホンリョウユウ,6,38.7,タカラキングダム,1,36.5,ツガルノヒロイモノ,4,コマサンエース,9,クリスタルコルド,7,False,False,0,False,0,False,0,0,0,200,0,place_mid,2頭
2026-06-14,202665061412,B2ー3,1勝以下,タイタス,6,57.3,コマサンリキ,1,48.5,タイトルボス,8,36.7,パワフルクィーン,5,タイタス,6,コマサンリキ,1,True,False,0,False,0,False,0,0,0,200,300,place_mid,2頭
2026-06-15,202636061502,C2,1勝以下,ラミアヴィータ,3,99.5,クリスタルテン,7,86.0,ヒガシブレーヴ,6,83.0,ラミアヴィータ,3,ヒガシブレーヴ,6,フークレグルス,5,True,False,0,False,0,False,0,0,0,100,0,place_mid,1頭
2026-06-15,202636061503,C2六組,1勝以下,オムブラーヴ,11,98.6,オンザバサラ,4,91.2,フォルテース,8,49.2,フォルテース,8,オンザバサラ,4,トレベルフィーユ,3,False,False,0,False,0,False,0,0,0,900,1020,multi_horse,11頭
2026-06-15,202636061504,C2五組,1勝以下,ソープストーン,11,82.0,フジサンワイシーシ,6,77.3,シトラスダル,4,69.9,ソープストーン,11,シトラスダル,4,ロッサヴィール,7,True,False,0,False,0,False,0,0,0,100,280,place_mid,1頭
2026-06-15,202636061505,C2四組,1勝以下,ソランチャン,7,100.0,ミエノシリウス,4,88.0,ティーライトニング,1,51.4,オメガジャスミン,2,パワームーブ,11,ティーライトニング,1,False,False,0,False,0,False,0,0,0,100,0,place_mid,1頭
2026-06-15,202636061506,3歳B2,1勝以下,セイウォリアー,4,97.7,リケアペンネ,7,84.1,レノヴァティオ,9,80.4,レノヴァティオ,9,ダンストンセリュー,11,ジュノヴェール,12,False,False,0,False,0,False,0,0,0,900,0,multi_horse,12頭
2026-06-15,202636061507,B2,1勝以下,ヒロスズラン,2,99.8,タカマキフォー,6,86.9,ユキノマツシマ,8,76.8,ゴープラチナム,5,タカマキフォー,6,ヒロスズラン,2,True,False,0,False,0,False,0,0,0,1000,0,venue,水沢
2026-06-15,202636061508,B2,1勝以下,マコトダイトウレン,5,89.0,ファルーク,8,84.3,アースアワー,7,60.8,ファルーク,8,スターキー,9,マコトダイトウレン,5,True,False,0,False,0,False,0,0,0,900,480,multi_horse,9頭
2026-06-15,202645061501,ラファール賞(3歳),1勝以下,グランドマーメイド,2,92.8,サウンドプリモ,4,89.7,ギガントマキア,9,86.4,グランドマーメイド,2,ギガントマキア,9,サウンドプリモ,4,True,False,0,False,0,False,0,0,0,900,3210,multi_horse,12頭
2026-06-15,202645061502,3歳5,1勝以下,ワイルドスマッシュ,9,99.6,プラカーシャ,11,91.1,マダムウィンディ,2,62.6,ハマウルフ,5,バブリーヒーロー,8,ワイルドスマッシュ,9,True,False,0,False,0,False,0,0,0,900,0,multi_horse,11頭
2026-06-15,202665061501,小崎農場 嶺の光初搾り記念,1勝以下,ツガルファイター,3,63.2,クリスタルアイドル,4,55.5,ジェイノベル,7,55.6,ホンマル,5,ツガルファイター,3,クリスタルアイドル,4,True,False,0,False,0,False,0,0,0,200,130,place_mid,2頭
2026-06-15,202665061502,2歳新馬,1勝以下,シンエイライデン,5,33.9,キングゴルシ,3,32.8,アアモンドカイト,8,32.4,キングゴルシ,3,ホクセイゼット,6,サカノブラック,1,False,False,0,False,0,False,0,0,0,200,160,place_mid,2頭
2026-06-15,202665061503,2歳新馬,1勝以下,ネムロカラキマシタ,8,34.3,アアモンドドキドキ,7,31.5,バニラ,9,30.7,カイウンセンショウ,3,ゼウススピード,5,アアモンドドキドキ,7,False,False,0,False,0,False,0,0,0,200,270,place_mid,2頭
2026-06-15,202636061509,B1,1勝以下,ロングウッド,1,99.9,ノヴェルウェイ,11,92.9,リコーアストラ,8,71.7,コスモモカ,5,ネバーエバー,2,ノヴェルウェイ,11,False,False,0,False,0,False,0,0,0,900,0,multi_horse,12頭
2026-06-15,202636061510,B1,1勝以下,コパノマロン,12,100.0,タイセイフェスタ,9,89.1,マチカゼ,2,63.2,コパノマロン,12,ペルルセレスト,1,サンカリプソ,3,True,False,0,False,0,False,0,0,0,100,0,place_mid,1頭
2026-06-15,202636061511,カジノフォンテン特別(B1),1勝以下,ナイスカプチーノ,11,91.6,グッデーサイレンス,6,72.0,ナムラボス,8,61.1,テングクラブ,3,アメイジングスター,12,ナイスカプチーノ,11,True,False,0,False,0,False,0,0,0,100,0,place_mid,1頭
2026-06-15,202645061503,ホタル特別(2歳),1勝以下,ブエンディア,5,86.1,ヤマトリュウタン,6,84.3,イッツマイソウル,3,83.4,ブエンディア,5,デレチョ,1,ローノンバード,2,True,False,0,False,0,False,0,0,0,900,0,multi_horse,12頭
2026-06-15,202645061504,ハヤブサ賞(C3),1勝以下,モンテジュエル,10,99.7,ルリール,8,80.1,タノシサ,11,51.5,モンテジュエル,10,ルリール,8,アマゴ,1,True,False,0,False,0,False,0,0,0,100,120,place_mid,1頭
2026-06-15,202645061505,C3三,1勝以下,ワンダフルグレイス,6,93.1,キーファイン,3,90.2,ヤマトカチドキ,5,59.8,キーファイン,3,ブルートルマリン,1,ハイウィルヘーズ,2,False,False,0,False,0,False,0,0,0,900,0,multi_horse,12頭
2026-06-15,202645061506,郭公賞(3歳),1勝以下,ヒロキ,6,99.9,ブルーオーシャン,9,82.7,グラズヘイム,4,77.1,テルケンユミミヅキ,2,マイボンド,8,リュウノアーチスト,3,False,False,0,False,0,False,0,0,0,100,0,place_mid,1頭
2026-06-15,202665061504,還暦!真由美ひめ最強伝説杯(2歳),1勝以下,キタサカエヒトミ,7,40.3,ケンハヤチ,4,40.0,ジェイインター,6,39.4,キタサカエヒトミ,7,ケンハヤチ,4,ジェイインター,6,True,False,0,False,0,False,0,0,0,200,310,place_mid,2頭
2026-06-15,202665061505,てんひなちゃん爆誕記念(2歳),1勝以下,セイユウアマネ,4,37.3,ホクセイアバレンボ,5,35.1,ヨシノフジ,6,33.9,ヒメトラハピネス,3,ツカサブルージェイ,8,ヨシノフジ,6,False,False,0,False,0,False,0,0,0,200,0,place_mid,2頭
2026-06-15,202665061506,最強牝馬爆誕!えりBD記念(2歳),1勝以下,フェアリーマックス,4,36.4,ホクセイキンボシ,3,35.1,テンテイ,7,34.0,サッコノイモウト,8,フェアリーマックス,4,ハイトップエース,6,True,False,0,False,0,False,0,0,0,200,520,place_mid,2頭
2026-06-15,202665061507,祐高&愛美 結婚式記念杯,1勝以下,アアモンドサン,8,48.8,ツガルノキンヒメ,1,47.3,ガシンショウタン,7,44.4,ガシンショウタン,7,ツガルノキンヒメ,1,ハゴロモコスモス,5,False,False,0,False,0,False,0,0,0,200,140,place_mid,2頭
2026-06-15,202636061512,ジューンカップ(B2),1勝以下,シマサンブラック,1,96.6,オロパタジン,7,95.5,ミシロウェイ,5,60.3,シマサンブラック,1,オロパタジン,7,ミシロウェイ,5,True,False,0,False,0,False,0,0,0,1000,5800,venue,水沢
2026-06-15,202645061507,小千鳥賞(3歳),1勝以下,サムバローズ,6,90.4,ベアトゥース,4,73.9,アンジュベル,1,50.8,サムバローズ,6,ソウモウクッキ,13,レフレール,2,True,False,0,False,0,False,0,0,0,100,0,place_mid,1頭
2026-06-15,202645061508,インフィオラータ賞(C2),1勝以下,ジンガブリッツ,6,97.2,サクセスベージュ,1,88.2,タヴァネスタン,4,60.8,サクセスベージュ,1,バトルホッパー,9,クラフトキング,3,False,False,0,False,0,False,0,0,0,900,0,multi_horse,11頭
2026-06-15,202645061509,駿逸賞(C1),1勝以下,プレストヴィーナス,9,86.5,ハーイバービー,6,80.0,キャンディブーケ,10,66.4,ミスフォルテ,2,プレストヴィーナス,9,テルケンレンタワー,1,True,False,0,False,0,False,0,0,0,900,0,multi_horse,12頭
2026-06-15,202645061510,カペラ賞(B2B3),1勝以下,ヴィブエアー,4,96.0,モンゲーハガネ,1,82.4,デーレーチョップ,6,62.2,パイロビーム,10,モンゲーハガネ,1,サイレントヴォイス,3,False,False,0,False,0,False,0,0,0,100,210,place_mid,1頭
2026-06-15,202665061508,tiktok桃李誕生日,1勝以下,カネノキセキ,7,49.7,サクセスオーショウ,1,48.6,ゲキリンドトウ,8,44.6,ゲキリンドトウ,8,サクセスオーショウ,1,コマサンクリスタル,4,False,False,0,False,0,False,0,0,0,200,140,place_mid,2頭
2026-06-15,202665061509,74回金澤龍司先生誕生記念,1勝以下,ビックコンボ,10,41.9,キュートアイズ,6,36.6,ツカサファースト,7,36.9,ビックコンボ,10,ハゴロモビクトリー,1,マサムネ,2,True,False,0,False,0,False,0,0,0,200,100,place_mid,2頭
2026-06-15,202665061510,菊&森ちゃん!帯広来場記念,1勝以下,ビッグシラヌイ,7,42.9,アルジャンノオー,2,41.0,キタノユウシン,6,37.9,ビッグシラヌイ,7,ツガルノセンショウ,9,アルジャンノオー,2,True,False,0,False,0,False,0,0,0,200,260,place_mid,2頭
2026-06-15,202645061511,神楽酒造盃くろうま賞(C1C2),1勝以下,ロコモーション,5,93.1,オルペラー,4,79.4,ホウヨウムーン,14,72.6,エクセルブラック,13,オルペラー,4,ポッドベッロ,1,False,False,0,False,0,False,0,0,0,900,0,multi_horse,14頭
2026-06-15,202665061511,ゴールドトロフィー,1勝以下,ウンカイダイマオー,8,42.5,ジェイエクスプレス,7,39.2,ココロノニダイメ,4,37.0,トワイチロ,1,ジェイホースサン,2,マルホントーマス,9,False,False,0,False,0,False,0,0,0,200,0,place_mid,2頭
2026-06-15,202665061512,とかち草原賞,1勝以下,コーワレックス,5,51.7,サクラジョージ,4,40.7,クロコトブキ,8,37.9,アサゾラ,3,コーワレックス,5,クロコトブキ,8,True,False,0,False,0,False,0,0,0,200,150,place_mid,2頭
2026-06-16,202636061601,C2三組,1勝以下,ヴェニーレ,7,85.3,ロイエ,2,67.8,キャビネットバトル,6,65.5,ツワモノ,9,コスモピエドラ,3,バエル,5,False,False,0,False,0,False,0,0,0,900,0,multi_horse,9頭
2026-06-16,202636061602,C2二組,1勝以下,ヤマニンエピクーレ,7,95.5,ラグドール,4,75.9,リベリアンガール,6,62.2,ライヴケチャップ,5,グランクロワ,1,ヤマノマタカ,2,False,False,0,False,0,False,0,0,0,100,0,place_mid,1頭
2026-06-16,202636061603,C2一組,1勝以下,アークフロリナ,8,97.2,アイビースピネル,1,74.3,ガビーズスピリット,9,66.2,アークフロリナ,8,アイビースピネル,1,アレグロヴィーヴォ,4,True,False,0,False,0,False,0,0,0,900,900,multi_horse,10頭
2026-06-16,202636061604,2歳,1勝以下,サンエイチェリー,6,99.5,コパノエビス,2,84.0,アットラエンテ,7,78.0,サンエイチェリー,6,ダイセンスマイル,4,アルヴェルナ,1,True,False,0,False,0,False,0,0,0,1000,0,venue,水沢
2026-06-16,202646061601,C212,1勝以下,ジーティーユウビ,10,100.0,キクノサヴィ,7,67.6,サノケン,8,65.2,ジーティーユウビ,10,サノケン,8,ヴェリーヌ,5,True,False,0,False,0,False,0,0,0,900,480,multi_horse,11頭
2026-06-16,202646061602,C211,1勝以下,クレバーピコ,7,84.2,ジーマックス,3,61.9,キラメキダンサー,6,58.6,クレバーピコ,7,キトキト,2,オーデンアクア,10,True,False,0,False,0,False,0,0,0,100,0,place_mid,1頭
2026-06-16,202646061603,道嵩くん華奈ちゃん結婚おめでとう杯(C2),1勝以下,ファーストフラワー,9,100.0,メイショウロッキー,5,91.9,エスペラント,3,67.2,ファーストフラワー,9,メイショウロッキー,5,エスペラント,3,True,False,0,False,0,False,0,0,0,100,130,place_mid,1頭
2026-06-16,202646061604,C29,1勝以下,ダズリングスカイ,4,99.9,ソラムパレード,5,88.3,ダイユウボンバー,2,39.0,ティアップファイト,7,ダイユウボンバー,2,サヴォーカ,1,False,False,0,False,0,False,0,0,0,100,0,place_mid,1頭
2026-06-16,202636061605,2歳,1勝以下,タカマキナイン,6,99.6,ミズサンウィズダム,1,93.0,リュウノカンムリ,5,79.7,リュウノカンムリ,5,マナホクレア,8,ミズサンウィズダム,1,False,False,0,False,0,False,0,0,0,1000,0,venue,水沢
2026-06-16,202636061606,B1,1勝以下,リリードリーマー,6,70.6,スピードスター,3,66.1,ヴァンダービルト,10,62.0,フラメンタ,9,ナナドリーム,7,ヴァンダービルト,10,False,False,0,False,0,False,0,0,0,100,0,place_mid,1頭
2026-06-16,202636061607,B1,1勝以下,イキザマ,2,93.1,ルアル,7,72.1,コスモタラゴン,1,71.1,ストームサージ,3,ルアル,7,アイノパスレル,8,False,False,0,False,0,False,0,0,0,100,190,place_mid,1頭
2026-06-16,202636061608,3歳C1二組,1勝以下,イヌボウノキラメキ,8,100.0,メロウアンバー,12,98.8,ナダッコ,7,57.5,イヌボウノキラメキ,8,シンシア,10,メロウアンバー,12,True,False,0,False,0,False,0,0,0,900,480,multi_horse,12頭
2026-06-16,202645061601,3歳6,1勝以下,トラストテンホー,12,92.9,シェナマーブル,4,76.8,クツシタオトシタ,5,71.4,スーパーアイシー,10,シェナマーブル,4,アオイノコスメ,8,False,False,0,False,0,False,0,0,0,100,360,place_mid,1頭
2026-06-16,202645061602,ガスト賞(3歳),1勝以下,モモノコトノハ,11,95.9,トーケンマティーニ,9,95.1,ノーサイドガール,6,54.0,トーケンマティーニ,9,ムジークヘーレン,5,モンキーコアラ,1,False,False,0,False,0,False,0,0,0,900,0,multi_horse,12頭
2026-06-16,202645061603,三光鳥賞(3歳),1勝以下,ダテオトコ,1,99.9,パワポケカノン,13,99.7,タツノスペシャル,9,47.5,パワポケカノン,13,ダテオトコ,1,ハマノヒカリ,4,True,False,0,False,0,False,0,0,0,900,360,multi_horse,13頭
2026-06-16,202646061605,C28,1勝以下,ブルックリン,3,99.7,インテンスフレイム,2,98.7,ドゥフトブリューテ,5,82.3,インテンスフレイム,2,ニンギルス,4,ドゥフトブリューテ,5,False,False,0,False,0,False,0,0,0,900,780,multi_horse,9頭
2026-06-16,202646061606,C27,1勝以下,アリーワーク,9,97.7,ビックハート,1,87.7,プリマベーラ,5,86.4,アリーワーク,9,ソルセルリ,2,ヘリオシース,4,True,False,0,False,0,False,0,0,0,100,0,place_mid,1頭
2026-06-16,202646061607,川村友音誕生日おめでとう記念(C2),1勝以下,ヨドノワールド,6,75.9,チョウノヨウニマウ,3,62.2,スーパーナニー,2,38.3,チョウノヨウニマウ,3,アポロリリー,4,アイルシャンス,5,False,False,0,False,0,False,0,0,0,100,150,place_mid,1頭
2026-06-16,202648061601,3歳15組,1勝以下,ムギガクダン,4,100.0,グランドサークル,9,95.8,クモンリュウ,5,87.5,クモンリュウ,5,グランドサークル,9,ジン,3,False,False,0,False,0,False,0,0,0,100,220,place_mid,1頭
2026-06-16,202648061602,3歳14組,1勝以下,マランドロ,8,99.0,フローラルウェイ,4,81.2,マイネルカイザー,5,63.9,モメンタムシフト,10,グランドタルマエ,1,バッカス,7,False,False,0,False,0,False,0,0,0,100,0,place_mid,1頭
2026-06-16,202648061603,3歳13組,1勝以下,テイスティング,11,82.0,キーサーバー,9,77.9,グラスベリー,10,50.5,キーサーバー,9,グラスベリー,10,テイスティング,11,True,False,0,False,0,False,0,0,0,900,3900,multi_horse,11頭
2026-06-16,202636061609,3歳C1一組,1勝以下,ラブミーヘンリー,10,99.1,ヨアケ,11,92.8,ディオスデルマール,4,92.6,ディオスデルマール,4,ヨアケ,11,ヤマチョウミニヨン,5,False,False,0,False,0,False,0,0,0,900,1230,multi_horse,12頭
2026-06-16,202636061610,B2,1勝以下,トゥルーナイト,8,99.4,ブレイクバウンズ,2,81.6,スパーク,1,70.1,ブレイクバウンズ,2,スパーク,1,トゥルーナイト,8,True,False,0,False,0,False,0,0,0,100,130,place_mid,1頭
2026-06-16,202636061611,タガノビューティー特別(B1),1勝以下,ミライヘノシンゲキ,8,100.0,シルバースペード,2,86.7,タイセイストラーダ,9,60.0,スノーパトロール,5,タイセイストラーダ,9,ミライヘノシンゲキ,8,True,False,0,False,0,False,0,0,0,100,0,place_mid,1頭
2026-06-16,202645061604,C2一二,1勝以下,モズミコシ,10,98.6,アルピノ,5,89.4,トンヤイビーン,1,89.2,フィリグラン,3,アルピノ,5,トンヤイビーン,1,False,False,0,False,0,False,0,0,0,100,230,place_mid,1頭
2026-06-16,202645061605,C2一二,1勝以下,ライヴバフィ,6,96.3,オリコウパラダイス,1,67.0,ムーンライトデイ,9,63.5,ライヴバフィ,6,ウインプリームス,3,オリコウパラダイス,1,True,False,0,False,0,False,0,0,0,900,540,multi_horse,12頭
2026-06-16,202645061606,ジューンフラワー賞(3歳),1勝以下,ルーポ,6,99.0,ブライトドリーム,5,96.1,ヴァルク,8,85.2,ルーポ,6,ブライトドリーム,5,ボンセレンシス,2,True,False,0,False,0,False,0,0,0,900,450,multi_horse,11頭
2026-06-16,202645061607,颯爽賞(C1),1勝以下,レモングラス,12,99.8,イイクニアシェル,6,80.4,カネトシフープ,1,49.4,レモングラス,12,カネトシフープ,1,イイクニアシェル,6,True,False,0,False,0,False,0,0,0,100,150,place_mid,1頭
2026-06-16,202646061609,B26,1勝以下,ケアンズ,3,99.8,タンジェントアーク,8,88.6,アルマイナンナ,6,60.8,ケアンズ,3,アルマイナンナ,6,タンジェントアーク,8,True,False,0,False,0,False,0,0,0,100,110,place_mid,1頭
2026-06-16,202646061610,B25,1勝以下,コパノフランシス,5,81.7,ビーマイセルフ,3,69.1,ノーブルジェネシス,2,68.4,コパノフランシス,5,マークオブゾロ,12,ビーマイセルフ,3,True,False,0,False,0,False,0,0,0,100,150,place_mid,1頭
2026-06-16,202648061604,C14組,1勝以下,テルケンレンダー,9,96.8,クワイエットエニフ,4,91.1,ヤマサークル,10,72.4,クワイエットエニフ,4,テルケンレンダー,9,ケノファニース,6,True,False,0,False,0,False,0,0,0,900,540,multi_horse,10頭
2026-06-16,202648061605,3歳12組,1勝以下,ニキータ,6,83.1,エバーウインド,11,70.7,インサラータ,8,61.5,エバーウインド,11,インサラータ,8,ニキータ,6,True,False,0,False,0,False,0,0,0,100,130,place_mid,1頭
2026-06-16,202648061606,ゆうま4歳誕生日記念(C),1勝以下,ウンザーシャイネン,3,98.4,ブリッツシャッテン,5,96.1,ホリゾンブルー,4,60.3,ウンザーシャイネン,3,ブリッツシャッテン,5,ホリゾンブルー,4,True,False,0,False,0,False,0,0,0,900,2370,multi_horse,10頭
2026-06-16,202648061607,C12組,1勝以下,ニホンピログリット,3,71.9,ホウショウビフウ,6,67.5,サイコロチャン,8,46.7,ニホンピログリット,3,アンジェララヴ,9,サイコロチャン,8,True,False,0,False,0,False,0,0,0,100,0,place_mid,1頭
2026-06-16,202636061612,夢・希望 未来へ前進(B1),1勝以下,スマートハンター,5,98.9,フイノマジワリ,10,87.1,マジカルワード,7,68.4,クイーンカード,4,サンエイブレーヴ,9,リュウノハイル,3,False,False,0,False,0,False,0,0,0,900,0,multi_horse,10頭
2026-06-16,202645061608,ソルスティツィオ賞(C2),1勝以下,ボルダーオパール,2,99.9,ハヤブサアポチャン,1,98.4,コパノディラン,9,45.3,ハヤブサアポチャン,1,デルマニンフ,5,セクシーウィドー,4,False,False,0,False,0,False,0,0,0,900,0,multi_horse,10頭
2026-06-16,202645061609,見返り美人特別(B3二),1勝以下,タケルサバイバル,13,86.7,ジーティーカイソク,3,76.7,ファイヤーウィップ,11,63.5,ドウザンワン,1,ジーティーカイソク,3,ファイヤーウィップ,11,False,False,0,False,0,False,0,0,0,200,200,place_mid,2頭
2026-06-16,202645061610,ジューンスター賞(B2B3),1勝以下,オリコウデレガンス,5,92.4,アーデルリーベ,7,74.5,アスクムービーオン,6,72.9,ルクスメンデス,9,アスクムービーオン,6,タイセイデクスター,8,False,False,0,False,0,False,0,0,0,900,0,multi_horse,11頭
2026-06-16,202646061611,あづ聖誕つにてんてん杯(B2),1勝以下,マリアディオーサ,10,99.1,トラジェクトワール,8,95.8,カドバンソコヂカラ,7,44.7,ボガトイーリ,5,マリアディオーサ,10,トラジェクトワール,8,True,False,0,False,0,False,0,0,0,900,360,multi_horse,11頭
2026-06-16,202646061612,スマホで投票!楽天競馬特別(A1),1勝以下,エイシンレジューム,5,99.9,ルージュミラージュ,1,98.4,ローズピリオド,3,53.7,ルージュミラージュ,1,エイシンレジューム,5,デルマアートマン,2,True,False,0,False,0,False,0,1000,0,1000,0,,
2026-06-16,202648061608,シャウラ疾風特別(B),1勝以下,イストロス,9,98.8,マルトクローレル,5,90.8,ワンハート,8,67.9,イストロス,9,パー,12,マルトクローレル,5,True,False,0,False,0,False,0,0,0,900,450,multi_horse,12頭
2026-06-16,202648061609,アンタレス特別(B),1勝以下,ミニマルデザイン,8,100.0,トーマステソーロ,4,83.7,クルベリ,10,64.5,ミニマルデザイン,8,トーマステソーロ,4,ポジティビティ,1,True,False,0,False,0,False,0,0,0,100,130,place_mid,1頭
2026-06-16,202648061610,さそり座大空特別(B),1勝以下,ロックマジェスティ,6,92.7,ダイタエリュシオン,5,83.5,ミダスリスト,8,55.0,ダイタエリュシオン,5,ロックマジェスティ,6,アイドルアイズ,11,True,False,0,False,0,False,0,0,0,900,690,multi_horse,11頭
2026-06-16,202648061611,嘉祥特別(A),1勝以下,セイウンアーテル,1,97.3,ムーンスカイ,6,69.4,プレミアシップ,12,58.7,パーフェクト,11,セイウンアーテル,1,ムーンスカイ,6,True,False,0,False,0,False,0,0,0,100,0,place_mid,1頭
2026-06-16,202645061611,川崎スパーキングスプリント重賞,1勝以下,エンテレケイア,5,99.6,ハーフブルー,9,99.5,プライルード,4,89.1,ハーフブルー,9,フリーダム,2,ティアラフォーカス,1,False,False,0,False,0,False,0,0,0,900,0,multi_horse,9頭
2026-06-16,202645061612,ウルド賞(C1),1勝以下,ディオスパーダ,9,92.0,テンダリー,1,85.1,ミヤビクライ,3,70.6,ディオスパーダ,9,ミヤビクライ,3,ティナバローズ,5,True,False,0,False,0,False,0,0,0,900,1560,multi_horse,10頭
2026-06-16,202648061612,金シャチ最終戦(C),1勝以下,ウタカタ,3,71.6,ゼンダンマイウェイ,8,64.7,コモモチャン,6,64.8,シャンドネージュ,1,コモモチャン,6,ゼンダンマイウェイ,8,False,False,0,False,0,False,0,0,0,100,220,place_mid,1頭
2026-06-17,202650061701,C3二,1勝以下,ラプンツェルムーン,1,88.4,テクノエクスプレス,5,84.0,タッケンウルル,4,70.8,テクノエクスプレス,5,ジュエルドパリ,8,ラプンツェルムーン,1,True,False,0,False,0,False,0,0,0,900,600,multi_horse,10頭
2026-06-17,202650061702,C3一,1勝以下,ノーブルフェスタ,3,95.3,ワンダーグァルネリ,8,92.7,フィールハピネス,2,87.7,フィールハピネス,2,アンフィニレイス,10,ノーブルフェスタ,3,True,False,0,False,0,False,0,0,0,900,1350,multi_horse,10頭
2026-06-17,202648061701,C11組,1勝以下,アグネス,9,81.0,ツキノメガミ,4,74.1,クールシェリー,5,68.6,クールシェリー,5,アグネス,9,アスクサヴァイバル,1,True,False,0,False,0,False,0,0,0,100,0,place_mid,1頭
2026-06-17,202648061702,3歳4組,1勝以下,ノーブルトレジャー,4,100.0,ブルージェネシス,2,92.7,マイネルモンブラン,6,86.2,ノーブルトレジャー,4,モリインビクタス,7,マイネルモンブラン,6,True,False,0,False,0,False,0,0,0,100,0,place_mid,1頭
2026-06-17,202648061703,牛兄、係長でも頑張れ(3歳),1勝以下,サンマルフォース,10,92.7,ロイヤルドリーム,2,85.8,ブルーノザビーチ,5,75.8,サンマルフォース,10,ウインデイブレイク,11,ロイヤルドリーム,2,True,False,0,False,0,False,0,0,0,900,780,multi_horse,12頭
2026-06-17,202650061704,蒲江7ハロン3歳C2,1勝以下,ナリタゲッコウ,9,80.6,マーブルティスワ,4,72.7,エイシンリーパー,5,62.9,マーブルティスワ,4,エイシンリーパー,5,ナリタゲッコウ,9,True,False,0,False,0,False,0,0,0,900,2340,multi_horse,11頭
2026-06-17,202650061705,郷瀬町7ハロンC2二,1勝以下,マローソ,1,99.4,ダノンブロッサム,3,98.1,リケアマキアート,6,74.9,マローソ,1,リケアマキアート,6,ダノンブロッサム,3,True,False,0,False,0,False,0,0,0,900,1500,multi_horse,12頭
2026-06-17,202650061706,C3,1勝以下,スカーレットハニー,4,88.8,グレールール,2,84.9,リリーパーク,8,72.3,シャンディエン,10,グレールール,2,スカーレットハニー,4,True,False,0,False,0,False,0,0,0,900,750,multi_horse,12頭
2026-06-17,202650061707,C2,1勝以下,パフオブウインド,4,99.6,エルナンデス,5,99.7,ゴールデンロンドン,1,42.1,パフオブウインド,4,ゴールデンロンドン,1,コパノキャスター,6,True,False,0,False,0,False,0,1000,0,1000,0,,
2026-06-17,202630061701,日高町の地酒「縁」と「結」賞(2歳),1勝以下,ハクアイレーヴ,6,95.9,ルアシュエル,11,93.3,フレイムフローラ,2,90.7,ルアシュエル,11,ハクアイレーヴ,6,キモサベ,8,True,False,0,False,0,False,0,0,0,900,570,multi_horse,12頭
2026-06-17,202630061702,渓流の女王ヤマベ賞(C4),1勝以下,クロームボーイ,4,96.8,ビリーヴザウエスト,10,93.9,ニシノサーフ,3,54.7,ミラージュフルール,1,カスタネアローズ,12,ビリーヴザウエスト,10,False,False,0,False,0,False,0,0,0,900,0,multi_horse,12頭
2026-06-17,202630061703,推しウマ探せ!おひさま牧場賞(C4),1勝以下,サイアミーズ,11,99.5,ヴィルユキヒメ,9,93.3,サスケソーレ,10,80.8,サイアミーズ,11,グッドミミック,5,サスケソーレ,10,True,False,0,False,0,False,0,0,0,900,1170,multi_horse,12頭
2026-06-17,202645061701,C3一二,1勝以下,リコースチェッキン,5,99.9,ニホンピロカミーノ,6,89.9,ティンドラ,1,56.9,リコースチェッキン,5,ニホンピロカミーノ,6,ティンドラ,1,True,False,0,False,0,False,0,0,0,900,2010,multi_horse,12頭
2026-06-17,202645061702,C3一二,1勝以下,フェデフルール,11,96.0,ベニノレーヴ,8,94.1,シルヴァギンジ,4,91.7,シルヴァギンジ,4,ベニノレーヴ,8,エーテルノカゼ,9,False,False,0,False,0,False,0,0,0,900,690,multi_horse,11頭
2026-06-17,202645061703,雷神賞(C2),1勝以下,ファイブエム,12,100.0,クォンタイズ,11,78.7,セッカチドラゴン,3,67.5,セッカチドラゴン,3,ファイブエム,12,クォンタイズ,11,True,False,0,False,0,False,0,0,0,100,150,place_mid,1頭
2026-06-17,202648061704,C10組,1勝以下,ベールドゥフィーユ,10,69.2,ラスブリサス,2,64.6,アストーレティアラ,7,56.9,ルージュパラディ,9,ラスブリサス,2,フクチャンフクメイ,3,False,False,0,False,0,False,0,0,0,100,0,place_mid,1頭
2026-06-17,202648061705,C9組,1勝以下,レイナティア,7,98.7,アドバンスオーセン,9,96.1,フェリスナビダ,10,91.5,フェリスナビダ,10,スペースリーガ,11,ミッシュマッシュ,6,False,False,0,False,0,False,0,0,0,900,0,multi_horse,11頭
2026-06-17,202648061706,B5組,1勝以下,パトジュニア,8,89.7,サラサラヘアー,3,64.9,バイマイセルフ,4,60.6,サラサラヘアー,3,ノブエイト,11,サトノパトス,6,False,False,0,False,0,False,0,0,0,100,0,place_mid,1頭
2026-06-17,202648061707,B4組,1勝以下,グロリアスヒーロー,9,92.0,バイバイダーリン,6,70.2,アールオブケント,10,52.7,アールオブケント,10,バイバイダーリン,6,アフロビート,11,False,False,0,False,0,False,0,0,0,900,660,multi_horse,11頭
2026-06-17,202650061708,B1,1勝以下,ベラジオドリーム,3,100.0,ヨドノタイヨウ,4,97.2,キイチオータム,1,49.0,ベラジオドリーム,3,ヨドノタイヨウ,4,ドンアチェカ,6,True,False,0,False,0,False,0,1000,0,100,110,place_mid,1頭
2026-06-17,202650061709,C1二,1勝以下,フィオリーノ,7,93.2,ミキヨウッドテール,5,80.1,コッコラーレ,4,62.8,ジャンマギアーナ,6,ピンクマーベル,9,フィオリーノ,7,True,False,0,False,0,False,0,0,0,900,0,multi_horse,9頭
2026-06-17,202650061710,C1一,1勝以下,カワキタボーダレス,5,98.8,モズレイラココナ,7,89.4,ペイシャツネ,8,78.9,ペイシャツネ,8,モズレイラココナ,7,カワキタボーダレス,5,True,False,0,False,0,False,0,0,0,900,1980,multi_horse,9頭
2026-06-17,202630061704,日高沙流川オートキャンプ場賞(C4),1勝以下,オーヴァザトラブル,8,99.7,ポポロン,1,88.5,ヤマニンカナレット,9,62.2,ヤマニンカナレット,9,オーヴァザトラブル,8,フルボーグ,7,True,False,0,False,0,False,0,0,0,900,690,multi_horse,10頭
2026-06-17,202630061705,JRA認定競走アタックチャレンジ競走(2歳),1勝以下,イケメンモンスター,6,83.8,ローマンリープ,9,82.4,エイシンウルトラン,3,75.4,エイシンウルトラン,3,ベラジオパッション,11,イケメンモンスター,6,True,False,0,False,0,False,0,0,0,900,750,multi_horse,12頭
2026-06-17,202630061707,沙流川温泉ひだか高原荘賞(C4),1勝以下,ロスカキック,1,99.5,シナモンデイジー,11,91.1,トモノタツミ,2,52.0,ロスカキック,1,アークオブライフ,4,トーケンアーサー,6,True,False,0,False,0,False,0,0,0,900,0,multi_horse,11頭
2026-06-17,202645061704,C2三四,1勝以下,ロジステート,7,96.3,バクラヴァ,1,71.7,アフロガル,2,64.7,クリノフローレンス,12,クリノノヴァエ,5,アフロガル,2,False,False,0,False,0,False,0,0,0,100,0,place_mid,1頭
2026-06-17,202645061705,C2三四,1勝以下,コットンフラワー,10,84.8,ビービーラドン,3,83.0,トゥアオウフ,9,70.7,フェアーメロディ,6,ボールドポリシー,2,トゥアオウフ,9,False,False,0,False,0,False,0,0,0,100,0,place_mid,1頭
2026-06-17,202645061706,青葉木菟特別(3歳),1勝以下,カナールゲイル,2,91.7,カズヤ,8,66.3,イルフロッタント,7,62.3,カナールゲイル,2,トリル,4,ササキントモゴロウ,5,True,False,0,False,0,False,0,0,0,100,0,place_mid,1頭
2026-06-17,202645061707,ティール賞(C2),1勝以下,コパノモンタナ,7,89.9,ジーティーラピッド,5,81.4,アイビージーニー,10,60.8,コパノモンタナ,7,ミストラ,2,ジーティーラピッド,5,True,False,0,False,0,False,0,0,0,900,990,multi_horse,10頭
2026-06-17,202648061708,レサト賞(B),1勝以下,ワカギミ,9,99.8,エブライト,3,98.0,スターインパクト,11,70.8,エブライト,3,ワカギミ,9,スターインパクト,11,True,False,0,False,0,False,0,0,0,900,2790,multi_horse,11頭
2026-06-17,202648061709,黄金穹特別(A),1勝以下,セットクルール,8,96.4,ダイチラポール,10,91.6,ケイアイカラキア,4,41.6,セットクルール,8,ダイチラポール,10,プロミシングギャル,7,True,False,0,False,0,False,0,0,0,900,480,multi_horse,11頭
2026-06-17,202648061710,名古屋CC ピーチ賞(3歳),1勝以下,センリョウヤクシャ,2,81.4,エコロラヴァー,5,72.3,イヌボウノツキ,3,72.4,ブルームザスマイル,1,イヌボウノツキ,3,ガビーズデトワール,4,False,False,0,False,0,False,0,0,0,100,0,place_mid,1頭
2026-06-17,202650061711,西脇市日本のへそ特別3歳BC1,1勝以下,メエメエ,9,79.1,ウェイヴメカニクス,8,59.2,シェナスカイ,5,47.3,テーオーハリスン,4,シェナスカイ,5,フライトマジック,7,False,False,0,False,0,False,0,0,0,100,0,place_mid,1頭
2026-06-17,202650061712,C2一,1勝以下,リアンソリッド,10,86.8,リングベルガール,2,79.0,ワキノグラス,6,57.5,キーベスト,4,チョウウマクイク,8,ナリタボニー,11,False,False,0,False,0,False,0,0,0,100,0,place_mid,1頭
2026-06-17,202630061708,日高山脈襟裳十勝国立公園賞(C4),1勝以下,オオイシアジサイ,8,99.2,サクセスビービー,1,98.7,ジュウニカゲツ,2,56.9,サクセスビービー,1,オオイシアジサイ,8,オカノティアラ,7,True,False,0,False,0,False,0,0,0,900,360,multi_horse,11頭
2026-06-17,202630061709,日高サラブレッドサブレ特別(C4),1勝以下,ウィルミスチヴァス,6,97.2,スーパーチャージ,12,93.2,マナスカイ,10,57.0,ウィルミスチヴァス,6,ロンギングドルチェ,4,キングズロア,8,True,False,0,False,0,False,0,0,0,900,0,multi_horse,12頭
2026-06-17,202630061710,グランシャリオドリーム21(C4),1勝以下,アヴェルス,8,93.2,アクアトレジャー,1,91.9,ビービーエリス,4,84.6,ビービーエリス,4,アヴェルス,8,ラブレガル,14,True,False,0,False,0,False,0,0,0,900,690,multi_horse,14頭
2026-06-17,202645061709,一騎当千賞(B1B2),1勝以下,スモークフレイバー,3,100.0,ピンクタオルチャン,6,71.0,クリスタライズ,12,67.6,スモークフレイバー,3,クアトロフォンテ,4,ツツウラウラ,8,True,False,0,False,0,False,0,0,0,100,0,place_mid,1頭
2026-06-17,202648061711,麦秋特別(A),1勝以下,キャルベイクルーズ,9,93.4,マイネルモンテュス,5,92.1,ヴェッターホルン,11,55.0,ヴェッターホルン,11,キャルベイクルーズ,9,ユズノキ,3,True,False,0,False,0,False,0,0,0,900,1170,multi_horse,12頭
2026-06-17,202648061712,金シャチ最終戦(C),1勝以下,モンサンフリージア,8,78.0,ビックピカンテ,6,64.5,オールザグッド,7,48.1,セブンスプリングス,5,グランリッジライン,4,モンサンフリージア,8,True,False,0,False,0,False,0,0,0,100,0,place_mid,1頭
2026-06-17,202630061712,栄冠賞〔H2〕重賞,1勝以下,ロゼットリボン,4,79.3,アクチュエル,10,73.7,ダブルゲーム,1,69.5,ダブルゲーム,1,コパノシチリア,6,バドラ,8,False,False,0,False,0,False,0,0,0,100,0,place_mid,1頭
2026-06-17,202645061711,関東オークスJpn2,1勝以下,ジュワネング,13,83.5,アンジュルナ,10,81.6,タマモフリージア,8,74.3,ペンダント,4,ジュワネング,13,ブレイズエッジ,1,True,False,0,False,0,False,0,0,0,100,0,place_mid,1頭
2026-06-17,202645061712,手鞠花特別(B3二),1勝以下,パイロデキセキ,3,75.8,ミヤギエンペラー,4,60.7,ロックシュガー,12,54.8,ベアアスムイ,6,ベストフィールド,10,ラーマ,1,False,False,0,False,0,False,0,0,0,200,0,place_mid,2頭
2026-06-18,202650061801,C3三,1勝以下,メフィスト,7,99.9,アストリット,6,86.2,チョウカンセイ,1,56.0,アストリット,6,チョウカンセイ,1,メフィスト,7,True,False,0,False,0,False,0,0,0,900,1710,multi_horse,10頭
2026-06-18,202650061802,C3二,1勝以下,ピンクブルー,5,99.8,メイショウセツゲツ,9,91.4,ゴールドプレミアム,6,78.6,ピンクブルー,5,ゴールドプレミアム,6,メイショウセツゲツ,9,True,False,0,False,0,False,0,0,0,100,130,place_mid,1頭
2026-06-18,202650061803,C3一,1勝以下,クインズノヴァ,4,87.4,マゴイチタ,10,78.8,ラクプエル,6,64.1,クインズノヴァ,4,エナアスコット,2,テルモピュライ,3,True,False,0,False,0,False,0,0,0,900,0,multi_horse,10頭
2026-06-18,202648061801,3歳11組,1勝以下,トンデトンデトンデ,3,95.0,サドルトウショウ,4,87.5,ファビュラスベガス,8,65.4,トンデトンデトンデ,3,ピコレーヴ,11,ファビュラスベガス,8,True,False,0,False,0,False,0,0,0,900,810,multi_horse,11頭
2026-06-18,202648061802,3歳10組,1勝以下,ルナヴィーナス,9,99.9,ツーエムアスリート,5,99.6,ベベペッパー,7,99.4,ベベペッパー,7,ルナヴィーナス,9,ツーエムアスリート,5,True,False,0,False,0,False,0,0,0,900,1470,multi_horse,11頭
2026-06-18,202648061803,3歳9組,1勝以下,ミラクルスパート,5,94.6,カゲムシャ,9,94.1,ウインマデイラ,2,64.1,カゲムシャ,9,ウインマデイラ,2,ミヤムーブメント,11,False,False,0,False,0,False,0,0,0,900,1050,multi_horse,12頭
2026-06-18,202650061804,唐櫃スプリントC3,1勝以下,バチェロレックス,3,98.8,トレジャーブルー,4,64.4,ペイシャメダリスト,7,54.7,チーフインザスカイ,5,トレジャーブルー,4,ペイシャメダリスト,7,False,False,0,False,0,False,0,0,0,100,630,place_mid,1頭
2026-06-18,202650061805,神影7ハロンC2二,1勝以下,ピエナフェリーチェ,1,99.8,コスモカピタン,10,83.7,マジカルフェイス,3,70.1,コスモカピタン,10,クルシファー,5,ビガーサンライズ,12,False,False,0,False,0,False,0,0,0,100,150,place_mid,1頭
2026-06-18,202650061806,3歳C2,1勝以下,スカイライズ,7,88.5,ミッドナイトフライ,2,73.8,ナンチャッテセレブ,9,73.8,マイティスカイ,12,ヘルタースケルター,1,オオイシシャクナゲ,8,False,False,0,False,0,False,0,0,0,100,0,place_mid,1頭
2026-06-18,202650061807,3歳C1,1勝以下,クールフィールド,5,89.7,ベラジオルベウス,2,80.3,ニシノグラシアス,8,42.5,クールフィールド,5,タイムレスラブ,11,ドリームハーモニー,1,True,False,0,False,0,False,0,0,0,900,0,multi_horse,12頭
2026-06-18,202630061801,門別温泉とねっこの湯賞(C4),1勝以下,リコーニック,2,98.5,イントルーダー,8,85.6,カーリンハート,7,76.9,トゥレアレンシス,6,リコーニック,2,マッキュラシオン,5,True,False,0,False,0,False,0,0,0,900,0,multi_horse,12頭
2026-06-18,202630061802,とみくるマルシェ賞(C4),1勝以下,ジューンランド,13,79.2,ダイビングキャッチ,4,75.5,マルティネーテ,10,65.6,サンゼントカガヤク,9,ジューンランド,13,グレイトエイト,2,True,False,0,False,0,False,0,0,0,100,0,place_mid,1頭
2026-06-18,202630061803,JRA認定競走アタックチャレンジ競走(2歳),1勝以下,リヴァールミナス,6,99.8,ラビリンスティアラ,2,95.4,リコーゴータ,9,60.5,ラビリンスティアラ,2,リヴァールミナス,6,リヴェンドラ,3,True,False,0,False,0,False,0,0,0,900,390,multi_horse,9頭
2026-06-18,202645061801,3歳7,1勝以下,アメリカンサンデー,11,94.8,オリコウビアリッツ,8,77.1,マッドチェイサー,7,60.8,アメリカンサンデー,11,セレステラ,5,ユウユウカツサンド,4,True,False,0,False,0,False,0,0,0,100,0,place_mid,1頭
2026-06-18,202645061802,ヴィントシュトース賞(3歳),1勝以下,フエルテコラソン,6,98.2,パッツンドレス,3,92.5,ニャンモロー,1,73.6,ニャンモロー,1,ドナソレイ,8,クレイスアバンティ,2,False,False,0,False,0,False,0,0,0,900,0,multi_horse,10頭
2026-06-18,202648061804,3歳8組,1勝以下,ユイバイハウス,11,99.8,ナムラライラック,10,89.5,ノーブルウェザー,4,67.3,ナムラライラック,10,エンドレスクライ,7,ノーブルウェザー,4,False,False,0,False,0,False,0,0,0,900,930,multi_horse,12頭
2026-06-18,202648061805,B8組,1勝以下,アイスノート,5,96.7,ラブリーセナ,9,88.3,プルメリアリング,8,76.6,ラブリーセナ,9,マリアナジャズ,3,グランドネビュラ,6,False,False,0,False,0,False,0,0,0,900,0,multi_horse,9頭
2026-06-18,202648061806,しゅんさや結婚記念(C),1勝以下,キタノショウリュウ,6,94.8,ミズイロ,8,91.8,アルヒルム,5,72.4,キタノショウリュウ,6,アルヒルム,5,ミズイロ,8,True,False,0,False,0,False,0,0,0,100,120,place_mid,1頭
2026-06-18,202648061807,初蛍賞(C),1勝以下,シェアト,11,86.4,ウェイトノーモア,2,82.5,ラミントン,7,77.5,ラミントン,7,マルクドクール,6,ヒオウギ,1,False,False,0,False,0,False,0,0,0,900,0,multi_horse,11頭
2026-06-18,202650061808,C1二,1勝以下,エランフェーヴル,5,100.0,ボールザマホーニー,2,88.0,ハギノインスパイア,1,67.8,エランフェーヴル,5,ジョーブラック,6,ハギノインスパイア,1,True,False,0,False,0,False,0,1000,0,100,0,place_mid,1頭
2026-06-18,202650061809,C1一,1勝以下,シャトーエズ,2,98.8,エイユーマックス,10,95.3,ウィルダスク,6,94.2,ウィルダスク,6,エイユーマックス,10,ジェットエアー,5,False,False,0,False,0,False,0,0,0,900,630,multi_horse,10頭
2026-06-18,202650061810,青馬ひすみ☆配信記念5thB2,1勝以下,エイシンジャスパー,7,99.9,クライムエンジェル,8,99.9,コパノキュラソー,9,55.7,エイシンジャスパー,7,クライムエンジェル,8,ララモンドール,5,True,False,0,False,0,False,0,0,0,900,360,multi_horse,9頭
2026-06-18,202630061805,JRA認定競走フレッシュチャレンジ競走(2歳),1勝以下,カリムパッション,2,83.2,カラーウィール,6,73.4,キコツ,5,59.0,カリムパッション,2,トラデスカンティア,1,キコツ,5,True,False,0,False,0,False,0,0,0,100,0,place_mid,1頭
2026-06-18,202630061806,JRA認定競走フレッシュチャレンジ競走(2歳),1勝以下,リコーレイダー,3,83.3,フォンミー,7,71.4,アフロケロ,9,61.8,ラマントヴァーナ,4,アフロケロ,9,ブロンドナイト,1,False,False,0,False,0,False,0,0,0,100,0,place_mid,1頭
2026-06-18,202630061807,日高町商工会賞(C3),1勝以下,サラサハウナイス,2,99.9,スキャボロフェアー,11,93.9,カネトシエテルノ,10,80.8,スキャボロフェアー,11,カネトシエテルノ,10,サラサハウナイス,2,True,False,0,False,0,False,0,0,0,900,1560,multi_horse,12頭
2026-06-18,202645061805,レモングラス賞(C3),1勝以下,エルキーオ,11,99.4,セクレトウェポン,9,88.9,ウィーナーズソング,1,56.7,セクレトウェポン,9,コンペティティブ,7,ナリノドリーム,5,False,False,0,False,0,False,0,0,0,900,0,multi_horse,12頭
2026-06-18,202645061806,C2五,1勝以下,キタノチャンス,2,87.4,ドラマツルギー,11,84.0,パーティーキング,9,80.4,パーティーキング,9,リンテンリュウ,12,キタノチャンス,2,True,False,0,False,0,False,0,0,0,900,480,multi_horse,12頭
2026-06-18,202648061808,B7組,1勝以下,グラスビジョン,3,99.9,リムショット,10,91.9,テーオーリップマン,7,82.0,グラスビジョン,3,バヤシーフェイス,2,メイショウサキガケ,5,True,False,0,False,0,False,0,0,0,100,0,place_mid,1頭
2026-06-18,202648061809,B6組,1勝以下,テルケンレンスター,5,100.0,ガーニュ,8,82.2,アスタリウス,1,66.0,テルケンレンスター,5,ディプタルアスール,3,エイシンイーピン,4,True,False,0,False,0,False,0,0,0,100,0,place_mid,1頭
2026-06-18,202650061811,園田FCスプリント重賞,1勝以下,ジェネラーレ,8,99.9,テイエムタリスマ,5,91.0,ルクスランページ,11,62.0,フクノユリディズ,7,プロテア,10,フォルテローザ,12,False,False,0,False,0,False,0,0,0,900,0,multi_horse,12頭
2026-06-18,202650061812,青馬ひすみ☆モヤシか焼肉か杯C2一,1勝以下,クラウンハート,7,100.0,デルタフォー,12,71.6,ミストラルピンク,4,62.4,ミストラルピンク,4,クラウンハート,7,ワンダーブレス,9,True,False,0,False,0,False,0,0,0,100,0,place_mid,1頭
2026-06-18,202630061808,日高町建設協会特別(A4),1勝以下,ヤマニンパッセ,7,100.0,トレヴェナ,5,84.0,モーニングショー,6,52.4,ヤマニンパッセ,7,イイデマイヒメ,1,モーニングショー,6,True,False,0,False,0,False,0,1000,0,100,0,place_mid,1頭
2026-06-18,202630061809,日高町水道協会特別(C3),1勝以下,イイデスカイボス,9,96.8,ダンクバローズ,4,91.5,ノアルパフェ,8,89.2,スティールファイン,10,ノアルパフェ,8,ルナエルフ,3,False,False,0,False,0,False,0,0,0,900,0,multi_horse,12頭
2026-06-18,202630061810,グランシャリオドリーム22(C3),1勝以下,コココーハク,10,99.4,ガイストゼーゲン,8,94.6,アサガオ,1,70.3,コココーハク,10,ガイストゼーゲン,8,リバイブローズ,4,True,False,0,False,0,False,0,0,0,900,540,multi_horse,13頭
2026-06-18,202645061807,風神賞(C2),1勝以下,エースクイーン,1,99.4,ナキムシヒカル,2,93.1,サンスノーホワイト,4,86.0,エースクイーン,1,ナキムシヒカル,2,アンジュグレース,6,True,False,0,False,0,False,0,0,0,900,390,multi_horse,10頭
2026-06-18,202645061808,スクルド賞(C1),1勝以下,ハクシュ,10,99.7,カガヤキファイター,1,89.4,ビービーシャーンス,6,59.7,ビービーシャーンス,6,リュウバター,5,ムチャスエルテ,4,False,False,0,False,0,False,0,0,0,100,0,place_mid,1頭
2026-06-18,202645061809,スフィーダ賞(C1),1勝以下,メイショウマヒロ,2,98.3,マッセダムール,3,79.5,ディセプティコン,7,53.1,メイショウマヒロ,2,ノーブルクリード,11,アカネセイコー,10,True,False,0,False,0,False,0,0,0,900,0,multi_horse,11頭
2026-06-18,202645061810,電光石火賞(B3),1勝以下,マナコア,1,99.1,バルジェロ,11,87.9,ハローマイラブリー,3,37.6,サラサエンペラー,7,アイビーヒメチャン,4,アイアンピッチ,2,False,False,0,False,0,False,0,0,0,100,0,place_mid,1頭
2026-06-18,202648061811,トリトン争覇重賞,1勝以下,マッドルーレット,2,98.5,ウィットビーアビー,12,72.4,カワテンマックス,4,69.5,ベント,8,アップショウグン,10,ザイツィンガー,7,False,False,0,False,0,False,0,0,0,100,0,place_mid,1頭
2026-06-18,202648061812,金シャチ最終戦(C),1勝以下,メディアプンタ,9,72.0,タガノポストマン,4,66.6,ソルトチャンス,5,53.5,メディアプンタ,9,デルマガニメデ,3,アスプロガイア,10,True,False,0,False,0,False,0,0,0,200,210,place_mid,2頭
2026-06-18,202630061811,サラブレッドのまち日高町特別(A1),1勝以下,デステージョ,7,98.7,ニシノエージェント,5,88.4,ワンダーウーマン,1,78.2,デステージョ,7,ピンクヴェノム,3,ワンダーウーマン,1,True,False,0,False,0,False,0,0,0,100,0,place_mid,1頭
2026-06-18,202630061812,赤レンガ記念〔H3〕(ウエストオーバー賞重賞,1勝以下,ベルピット,3,100.0,ソルジャーフィルド,9,71.0,サンヨウテイオウ,7,67.4,ベルピット,3,ケイアイパープル,1,ヤマニンステラータ,4,True,False,0,False,0,False,0,0,0,100,0,place_mid,1頭
2026-06-18,202645061811,中原オープン(3歳)OP,OP,ヒーローコール,7,90.5,グリューヴルム,3,87.6,ツウカイノキズナ,4,51.9,マウンテンローレル,9,グリューヴルム,3,ヒーローコール,7,True,False,0,False,0,False,0,0,0,900,660,multi_horse,10頭
2026-06-18,202645061812,末摘花特別(B3二),1勝以下,ナリノエンブレム,4,97.5,エムティワイザー,10,87.1,バックビート,1,44.7,バックビート,1,ナリノエンブレム,4,トウマ,2,True,False,0,False,0,False,0,0,0,900,1140,multi_horse,12頭
2026-06-19,202648061901,C6組,1勝以下,ブルースバローズ,2,100.0,オレイニウタイマス,4,80.6,カミーチェ,10,62.9,ブルースバローズ,2,オレイニウタイマス,4,ダックリン,3,True,False,0,False,0,False,0,0,0,100,110,place_mid,1頭
2026-06-19,202648061902,C5組,1勝以下,アルゴフィリオ,9,99.3,リケアディンブラ,5,96.9,ノーブルカグラ,4,40.5,アルゴフィリオ,9,ウォーターリッシュ,8,リケアディンブラ,5,True,False,0,False,0,False,0,0,0,100,130,place_mid,1頭
2026-06-19,202648061903,C4組,1勝以下,マルシェ,10,91.8,ロジアンドモルタル,8,86.8,トップパワー,9,85.3,ロジアンドモルタル,8,トップパワー,9,リックトメンマ,3,False,False,0,False,0,False,0,0,0,900,810,multi_horse,11頭
2026-06-19,202645061901,3歳9,1勝以下,ベリルキャッツアイ,8,99.6,ゴーゴールイス,4,87.5,ラップサイディング,1,66.0,フルミネビアンコ,7,シイズダイヤモンド,5,ララヴィテス,2,False,False,0,False,0,False,0,1000,0,100,0,place_mid,1頭
2026-06-19,202645061902,3歳8,1勝以下,テセラグラディウス,5,100.0,シゴデキ,8,99.5,パワーラクーン,6,76.8,テセラグラディウス,5,シゴデキ,8,ユノアール,3,True,False,0,False,0,False,0,0,0,900,450,multi_horse,9頭
2026-06-19,202648061904,B12組,1勝以下,ウォーオブサウンド,8,91.3,ブリージョドラード,1,90.2,ミヤイグアス,3,39.3,ニホンピロケイ,4,フィナルフェリス,5,ミヤイグアス,3,False,False,0,False,0,False,0,0,0,900,0,multi_horse,9頭
2026-06-19,202648061905,B11組,1勝以下,ハンクスター,6,96.1,タマモサイジョ,3,95.9,セイウンピカイチ,2,75.0,タマモサイジョ,3,セイウンピカイチ,2,ミートザターゲット,5,False,False,0,False,0,False,0,0,0,900,690,multi_horse,9頭
2026-06-19,202648061906,健太まだ若いぞ!35歳記念(B),1勝以下,エイシンナザレ,7,93.4,テーオーニルソン,9,93.4,セレスト,3,56.0,テーオーニルソン,9,エイシンナザレ,7,ヴァルドグラース,6,True,False,0,False,0,False,0,0,0,900,570,multi_horse,9頭
2026-06-19,202648061907,B9組,1勝以下,ヤマカツライコウ,8,100.0,ハルノウミ,3,77.7,ユイットムーラン,4,35.9,スフレ,5,ルミナスピラー,9,ヤマカツライコウ,8,True,False,0,False,0,False,0,0,0,100,0,place_mid,1頭
2026-06-19,202650061901,C3,1勝以下,アレナトーレ,11,98.1,ニッシンゲッポ,3,91.9,リベリューラ,7,37.4,アレナトーレ,11,ラヴスティンガー,9,ニッシンゲッポ,3,True,False,0,False,0,False,0,0,0,900,450,multi_horse,12頭
2026-06-19,202650061902,3歳C1,1勝以下,ウインリフレクト,8,98.4,ジェイパック,9,84.0,ハリエンジュ,5,77.2,グランマイース,10,ジェイパック,9,グラフォス,12,False,False,0,False,0,False,0,0,0,100,130,place_mid,1頭
2026-06-19,202650061903,C3二,1勝以下,ピーチクパーチク,5,95.7,ブロンドエール,1,92.9,チョウハクタカ,4,57.1,チョウハクタカ,4,ブロンドエール,1,ピーチクパーチク,5,True,False,0,False,0,False,0,0,0,900,2790,multi_horse,10頭
2026-06-19,202650061904,C3一,1勝以下,レベッカレインボー,4,99.0,スマートレイヴ,10,77.9,ラブユーサクラ,2,55.5,レベッカレインボー,4,ラブユーサクラ,2,アラタマノキセキ,3,True,False,0,False,0,False,0,0,0,900,480,multi_horse,10頭
2026-06-19,202645061905,ヴェルザンディ賞(C2C3),1勝以下,アイビーブリッツ,10,94.0,スマイルフェリス,2,71.8,タイセイルシエル,3,69.7,アイビーブリッツ,10,ファイナルワンダー,9,スマイルフェリス,2,True,False,0,False,0,False,0,0,0,900,690,multi_horse,10頭
2026-06-19,202645061906,雲神賞(C2),1勝以下,ダッシングマン,8,98.8,オースター,9,97.8,メイショウユウモウ,4,66.5,リュウノシンクウハ,2,クラウディルックス,6,メイショウユウモウ,4,False,False,0,False,0,False,0,0,0,900,0,multi_horse,11頭
2026-06-19,202648061908,七変化雨彩特別(A),1勝以下,リュクスドレフォン,2,73.5,ボックスオフィス,11,71.5,ジャスパーノワール,5,64.9,ボックスオフィス,11,ルテリブル,1,エーオ,8,False,False,0,False,0,False,0,0,0,100,0,place_mid,1頭
2026-06-19,202648061909,駿芽疾風特別(3歳),1勝以下,ネフェルアスティ,4,96.2,ゴールドレター,9,85.0,コスモグロボーサ,5,52.7,ゴールドレター,9,ネフェルアスティ,4,スマイルフレイヤ,11,True,False,0,False,0,False,0,0,0,100,130,place_mid,1頭
2026-06-19,202648061910,瑞駆特別(3歳),1勝以下,ノーブルスナイパー,7,100.0,シーズンシート,8,76.8,ナンゴクドリーム,3,55.4,カレンショー,1,ゴコクホウジョウ,9,ビアリッツ,4,False,False,0,False,0,False,0,1000,0,100,0,place_mid,1頭
2026-06-19,202648061911,八仙花雨幻特別(A),1勝以下,アイガー,1,93.4,ニホンピロタイズ,8,83.7,ララエフォール,2,67.2,ニホンピロタイズ,8,ソーラレイ,4,ジュンフィレンツェ,5,False,False,0,False,0,False,0,0,0,900,0,multi_horse,12頭
2026-06-19,202650061905,C2二,1勝以下,イマジンレノン,6,100.0,キークラシック,2,93.5,パイラタナー,1,73.2,イマジンレノン,6,フォーウィンド,3,パイラタナー,1,True,False,0,False,0,False,0,0,0,900,600,multi_horse,11頭
2026-06-19,202650061906,C2一,1勝以下,エポエポサン,1,99.1,クリノエニシ,4,77.1,ヘルツアス,2,68.0,ヘルツアス,2,スクイッドラン,7,クリノエニシ,4,False,False,0,False,0,False,0,0,0,100,270,place_mid,1頭
2026-06-19,202650061907,C2二,1勝以下,エクスペリオン,2,99.9,サファリ,5,90.6,エイシンオキクルミ,10,79.6,サファリ,5,エクスペリオン,2,キモンキャリントン,6,True,False,0,False,0,False,0,0,0,100,120,place_mid,1頭
2026-06-19,202645061907,C1一二,1勝以下,ミヤビモルタル,12,90.1,アマモト,11,69.0,ヒソカ,1,64.5,ベルトネ,2,ショウナンマンテン,8,リコーターター,5,False,False,0,False,0,False,0,0,0,100,0,place_mid,1頭
2026-06-19,202645061908,C1一二,1勝以下,ランニングホット,5,87.5,ヴィトーリアヘーザ,11,85.9,ニシノヒミチュ,12,62.1,ジーティーアグリム,1,ブリヤンオーブ,4,ヴィトーリアヘーザ,11,False,False,0,False,0,False,0,0,0,900,0,multi_horse,12頭
2026-06-19,202645061909,レーニョ賞(C1),1勝以下,アイビーガオー,12,99.2,コルネットロッソ,2,96.7,ガルニエ,1,75.7,アイビーガオー,12,マルターズヴェロス,5,プルーフリーダー,8,True,False,0,False,0,False,0,0,0,900,0,multi_horse,12頭
2026-06-19,202645061910,千軍万馬賞(B2B3),1勝以下,アイルプロテクト,9,98.9,カンノンアーニモ,6,87.2,グランドフロイデ,8,53.8,グランドフロイデ,8,ラヴォミ,10,カンノンアーニモ,6,False,False,0,False,0,False,0,0,0,900,1290,multi_horse,11頭
2026-06-19,202648061912,金シャチ最終戦(C),1勝以下,リトルガールブルー,3,68.8,チャットケリー,7,60.3,サクリファイス,6,58.4,ラブバイオレット,1,リトルガールブルー,3,サクリファイス,6,True,False,0,False,0,False,0,0,0,100,170,place_mid,1頭
2026-06-19,202650061908,C2一,1勝以下,マットーネロッソ,10,92.1,スノーデイ,7,83.5,サイファーシチー,9,60.8,アドーネ,8,スノーデイ,7,モイスチャー,11,False,False,0,False,0,False,0,0,0,900,0,multi_horse,11頭
2026-06-19,202650061909,C1,1勝以下,ディザーヴユー,4,99.9,エルクレスタワー,5,93.0,スマートエクシード,2,52.8,エルクレスタワー,5,ディザーヴユー,4,メテオレーナ,1,True,False,0,False,0,False,0,0,0,900,390,multi_horse,9頭
2026-06-19,202650061910,兵庫ジョッキーズ楽天競馬賞B2,1勝以下,ジューンコメット,3,97.5,ベラドンナリリー,5,94.1,ゴッドアマベル,7,53.4,ゴッドアマベル,7,ベラドンナリリー,5,スマートビビット,10,False,False,0,False,0,False,0,0,0,900,720,multi_horse,11頭
2026-06-19,202650061911,アサヒスーパードライカップA1A2,1勝以下,キングスピカ,11,99.7,サイレンスタイム,6,76.6,ハナブサ,3,64.9,キングスピカ,11,サイレンスタイム,6,ケイアイロベージ,9,True,False,0,False,0,False,0,0,0,900,630,multi_horse,12頭
2026-06-19,202645061911,短夜特別(B1B2),1勝以下,スノーシュー,8,85.6,リジン,10,82.7,ホッコーソムニウム,11,80.9,シャンパンファイト,1,エレファントラン,3,デアシュトゥルム,5,False,False,0,False,0,False,0,0,0,900,0,multi_horse,11頭
2026-06-19,202645061912,ファイナルアンサー賞(C2),1勝以下,ユウユウスプレマン,10,83.9,グラスアラバニーユ,7,59.8,セイウンパイオニア,6,49.2,ユウユウスプレマン,10,グラスアラバニーユ,7,ウロボロス,3,True,False,0,False,0,False,0,0,0,100,190,place_mid,1頭
2026-06-19,202650061912,B1B2,1勝以下,アンコロ,8,98.6,ラブラブフォー,10,95.8,イントゥザフロー,2,75.0,アンコロ,8,マイドオオキニ,12,カンタウッドテール,9,True,False,0,False,0,False,0,0,0,900,0,multi_horse,12頭
2026-06-20,202654062001,C3ー10,1勝以下,ロードステイタス,8,99.9,ケーニッヒブルート,7,99.4,ドンカルロ,2,70.3,ケーニッヒブルート,7,ロードステイタス,8,ドンカルロ,2,True,False,0,False,0,True,290,1000,2900,1000,2900,,
2026-06-20,202654062002,3歳ー3,1勝以下,ターニーロイヤル,4,99.5,タイムトゥパーティ,3,98.6,サンセットロード,2,48.5,ターニーノーブル,1,ソックス,9,ユミッチラブ,5,False,False,0,False,0,False,0,0,0,900,0,multi_horse,10頭
2026-06-20,202655062001,3歳ー6組,1勝以下,コスモローマ,5,99.1,クーレスト,9,88.8,リネンアメリカン,4,62.6,コスモローマ,5,クーレスト,9,スピネルテソーロ,6,True,False,0,False,0,False,0,0,0,100,140,place_mid,1頭
2026-06-20,202655062002,3歳ー5組,1勝以下,ハガクレノハタ,7,99.2,ベラジオマーカス,5,88.1,エイシンティタイム,2,75.2,ライフイズマネー,8,ハガクレノハタ,7,ラヴェスターレ,6,True,False,0,False,0,False,0,0,0,900,0,multi_horse,10頭
2026-06-20,202665062001,十勝キャンピングカーカップ,1勝以下,ヨシノマイヒメ,8,45.5,ホクセイノチカラ,9,43.5,コトミチャン,10,42.1,ホクセイノチカラ,9,ヨシノマイヒメ,8,クリスタルアイドル,7,True,False,0,False,0,False,0,0,0,200,300,place_mid,2頭
2026-06-20,202665062002,酒井一圭モナキP51歳記念(2歳),1勝以下,ハオリブル,6,34.9,ポップコーン,7,33.3,メオトコトブキ,3,32.2,ハオリブル,6,スピードシンデレラ,1,シンエイライデン,2,True,False,0,False,0,False,0,0,0,200,120,place_mid,2頭
2026-06-20,202665062003,純烈リーダー酒井一圭誕生祝(2歳),1勝以下,ハゴロモジョイア,7,33.1,テンノキズナ,1,32.0,マオノソレイユ,4,31.7,スーパータケル,9,テンノキズナ,1,ジェイインター,10,False,False,0,False,0,False,0,0,0,200,400,place_mid,2頭
2026-06-20,202654062003,3歳ー2,1勝以下,ペイシャプレイ,3,94.5,キーチデッドミラー,4,91.3,フウリンカザン,5,77.6,ザガラ,2,キーチデッドミラー,4,ジョウショーブリエ,7,False,False,0,False,0,False,0,0,0,900,0,multi_horse,9頭
2026-06-20,202654062004,カツオクジラ特別(B),1勝以下,ビステル,11,88.7,モズライフセーバー,1,83.7,ディープギルドン,7,63.2,ビステル,11,ユキノマリア,8,ビービーベジェサ,3,True,False,0,False,0,False,0,0,0,900,0,multi_horse,11頭
2026-06-20,202654062005,御畳瀬特別,1勝以下,ミトノオー,3,99.8,サノノエスポ,12,58.1,エスケンドリーム,2,55.3,サノノエスポ,12,ゲンヨウサイ,11,ジャスパーバローズ,7,False,False,0,False,0,False,0,0,0,100,240,place_mid,1頭
2026-06-20,202654062006,Bー3,1勝以下,アメージング,10,97.5,イナズマテーラー,8,81.6,アグロドルチェ,1,60.8,アメージング,10,ブルグミューラー,7,シンデレラスマイル,9,True,False,0,False,0,False,0,0,0,900,0,multi_horse,10頭
2026-06-20,202655062003,C2ー11組,1勝以下,マーティー,3,87.6,カルストンブランド,7,83.0,シエルルビー,11,68.7,マーティー,3,カルストンブランド,7,ジャヴァンナ,6,True,False,0,False,0,False,0,0,0,900,780,multi_horse,11頭
2026-06-20,202655062004,C2ー10組,1勝以下,ビザンティーノ,1,99.6,モズグランプリ,6,99.5,ピュアコレクション,7,92.2,モズグランプリ,6,ビザンティーノ,1,タガノフレミング,3,True,False,0,False,0,False,0,0,0,900,390,multi_horse,10頭
2026-06-20,202655062005,あじさい特別(B),1勝以下,バイルシュタイン,2,99.6,セプトラム,6,78.6,ゴイゴイスー,10,65.4,バイルシュタイン,2,ゴイゴイスー,10,バージャンフォース,12,True,False,0,False,0,False,0,0,0,100,0,place_mid,1頭
2026-06-20,202655062006,C2ー9組,1勝以下,アデリーヌ,2,99.4,ユリヤテソーロ,5,97.8,イズジョーレイナス,12,54.8,アデリーヌ,2,フィールアライヴ,1,クロスアヴァンセ,6,True,False,0,False,0,False,0,0,0,900,0,multi_horse,12頭
2026-06-20,202665062004,静香 翼 祝出会い10年目(2歳),1勝以下,ツガルユリ,5,33.6,イワキボナール,2,32.7,ツガルイチバン,7,32.2,ゼウススピード,1,イワキボナール,2,リオンハート,6,False,False,0,False,0,False,0,0,0,200,460,place_mid,2頭
2026-06-20,202665062005,ふくちゃん爆裂ハピバ賞,1勝以下,ブラックシンバ,9,51.3,ファイトボーイ,10,37.5,ヒメトラダイア,6,36.7,ツカサキング,3,ファイトボーイ,10,ヒメトラダイア,6,False,False,0,False,0,False,0,0,0,200,160,place_mid,2頭
2026-06-20,202665062006,じょー&かりん結婚おめでと,1勝以下,ヤマノシテンノウ,9,44.6,ジェイワンダー,10,39.9,サクセスオーショウ,6,39.7,サクセスオーショウ,6,ヤマノシテンノウ,9,エマパワー,3,True,False,0,False,0,False,0,0,0,200,160,place_mid,2頭
2026-06-20,202665062007,モナキP酒井一圭 生誕祝,1勝以下,インカン,1,47.7,テツジ,4,44.4,パワーウンカイ,6,40.1,インカン,1,テツジ,4,ハゴロモライルズ,7,True,False,0,False,0,False,0,0,0,200,220,place_mid,2頭
2026-06-20,202654062007,C3ー9,1勝以下,ビッグバンド,2,100.0,ナッシングベター,4,97.3,サイモンプレジール,8,85.3,サイモンプレジール,8,ナッシングベター,4,ビッグバンド,2,True,False,0,False,0,False,0,0,0,900,1350,multi_horse,10頭
2026-06-20,202654062008,C3ー8,1勝以下,オールデュスヴラン,5,100.0,アメージングラン,9,99.9,イニシャルティー,10,63.7,オールデュスヴラン,5,リバティフレイム,2,エコロドゥネス,8,True,False,0,False,0,False,0,0,0,900,0,multi_horse,9頭
2026-06-20,202654062009,C3ー7,1勝以下,ローガンパス,5,100.0,マカオンドール,7,85.3,アルトシュタット,4,82.5,ローガンパス,5,マッハレイジング,8,マカオンドール,7,True,False,0,False,0,False,0,0,0,100,110,place_mid,1頭
2026-06-20,202654062010,Bー2,1勝以下,アースライザー,6,95.8,エイブリー,7,70.1,ネオヒューズ,8,57.6,ネオヒューズ,8,アースライザー,6,ゲンパチレオニダス,1,True,False,0,False,0,False,0,0,0,100,0,place_mid,1頭
2026-06-20,202655062007,C1ー7組,1勝以下,セイスカーレット,9,98.9,ベラジオボッキーニ,5,94.3,リーフアクアリウム,2,69.4,アーコレード,10,セイスカーレット,9,スティルザワン,7,True,False,0,False,0,False,0,0,0,900,0,multi_horse,10頭
2026-06-20,202655062008,C1ー6組,1勝以下,アスターニルギリ,9,91.5,サーリアル,1,76.7,ミスレモン,3,70.9,アスターニルギリ,9,ミスレモン,3,ミナミジュウジセイ,10,True,False,0,False,0,False,0,0,0,900,810,multi_horse,10頭
2026-06-20,202655062009,サンスベリア賞(C1),1勝以下,ロトファイター,3,99.7,ロイヤルデバイサー,2,70.2,ファインギフト,9,60.8,バウンドトゥウィン,5,ロトファイター,3,エイシンキャロッツ,1,True,False,0,False,0,False,0,0,0,100,0,place_mid,1頭
2026-06-20,202655062010,サガデーナイト競馬賞(B),1勝以下,サムシンググレート,1,100.0,アッシュアール,9,65.4,ジャズダンス,8,38.3,ジャズダンス,8,アッシュアール,9,ミスファントム,3,False,False,0,False,0,False,0,0,0,100,310,place_mid,1頭
2026-06-20,202665062008,広瀬・野妻 帯広初訪問記念,1勝以下,ジェイセリーヌ,8,44.6,ホクセイシンノスケ,9,38.5,フジダイマルス,2,32.0,フジエース,6,キタサカエシンバ,5,ジェイセリーヌ,8,True,False,0,False,0,False,0,0,0,200,160,place_mid,2頭
2026-06-20,202665062009,透和ちゃん誕生記念杯,1勝以下,ホクセイダイジン,4,55.3,サトノプリンス,6,42.1,キョウエイハンター,8,41.5,キョウエイハンター,8,トマランサーヨウコ,5,ホクセイダイジン,4,True,False,0,False,0,False,0,0,0,200,140,place_mid,2頭
2026-06-20,202665062010,釧路パラダイス祝25周年,1勝以下,カワノデッカー,5,42.2,ミナミジュウジセイ,2,37.6,ホクショウハヤテ,10,33.7,ミナミジュウジセイ,2,ミンナノユメヲノセ,4,オーディン,7,False,False,0,False,0,False,0,0,0,200,410,place_mid,2頭
2026-06-20,202654062011,横倉山特別(B),1勝以下,ソッコータルマカ,10,99.4,ゴーマックス,9,94.2,ベストディシジョン,8,55.8,ベストディシジョン,8,ゴーマックス,9,コロンバージュ,3,False,False,0,False,0,False,0,0,0,900,2940,multi_horse,9頭
2026-06-20,202654062012,ファイナルレース(3歳),1勝以下,テンサラ,8,70.5,プリティスーチャン,2,68.9,シデレウス,6,62.4,プリティスーチャン,2,シシランマン,12,ファーストシーン,7,False,False,0,False,0,False,0,0,0,200,210,place_mid,2頭
2026-06-20,202655062011,清水の滝特別(3歳),1勝以下,シトリンテソーロ,3,99.8,ミヤノクインリー,4,95.3,ダイメイノボル,8,65.4,ダイメイノボル,8,シトリンテソーロ,3,ミヤノクインリー,4,True,False,0,False,0,True,390,1000,3900,1000,3900,,
2026-06-20,202655062012,SAGAリベンジャーズジョッキーズ(A2),1勝以下,ケイアイアンタレス,2,99.5,エイシンシュトルム,4,82.4,ソイジャガー,5,69.2,ケイアイアンタレス,2,テイエムダイタカ,7,エイシンシュトルム,4,True,False,0,False,0,False,0,0,0,100,180,place_mid,1頭
2026-06-20,202665062011,こと座特別,1勝以下,アシュラダイマオー,4,42.8,ツカサタロウ,2,39.6,トム,3,37.5,コウシュハメジャー,7,カツテンリフジ,5,アシュラダイマオー,4,True,False,0,False,0,False,0,0,0,200,110,place_mid,2頭
2026-06-20,202665062012,B3ー3,1勝以下,タカシマフクマツ,4,50.4,アルジャンノオー,7,33.5,アスノチカラ,6,33.5,ウンジョウノキセキ,5,キタサカエカイザー,10,タカシマフクマツ,4,True,False,0,False,0,False,0,0,0,200,430,place_mid,2頭
2026-06-21,202636062101,C2,1勝以下,レーニス,8,99.8,ティルナノーグ,1,94.8,フリュート,6,68.1,ノースショアガール,3,レーニス,8,グレースレニー,10,True,False,0,False,0,False,0,0,0,900,0,multi_horse,10頭
2026-06-21,202636062102,C2九組,1勝以下,エバーアリエル,9,98.0,ワンダーフルーリ,8,93.5,ディーファンクス,10,57.9,エバーアリエル,9,ウインドモア,1,ジーティービート,4,True,False,0,False,0,False,0,0,0,900,0,multi_horse,10頭
2026-06-21,202636062103,C2八組,1勝以下,ディオファントス,6,86.2,エバーグリーン,9,74.8,ヨツバミッチー,2,69.7,パルピタシオン,7,エバーグリーン,9,ヨツバミッチー,2,False,False,0,False,0,False,0,0,0,900,870,multi_horse,10頭
2026-06-21,202636062104,C2七組,1勝以下,ダブルスチール,6,97.5,アスマスティーブ,4,81.6,ハクアイドリーム,1,79.3,ハクアイドリーム,1,タマモキサキ,7,キタノアルテミス,8,False,False,0,False,0,False,0,0,0,900,0,multi_horse,10頭
2026-06-21,202636062105,3歳C2三組,1勝以下,ケイジ,1,100.0,ジーティーウブラブ,7,90.6,イッツオンリーラブ,4,71.0,イッツオンリーラブ,4,ケイジ,1,ジーティーウブラブ,7,True,False,0,False,0,False,0,0,0,100,130,place_mid,1頭
2026-06-21,202636062106,3歳C2二組,1勝以下,ニケフェリーチェ,4,99.9,サンニュールック,12,83.1,ピッタンヌンムル,1,74.3,キタノボストン,6,ニケフェリーチェ,4,ピッタンヌンムル,1,True,False,0,False,0,False,0,0,0,100,0,place_mid,1頭
2026-06-21,202655062101,スーパーホープフルデビュー 2歳新馬,1勝以下,スターオブチャージ,1,78.0,スマイルノード,6,73.5,ハクアイファミリー,7,72.4,イケビーノ,3,ハクアイファミリー,7,ダイメイサンシ,8,False,False,0,False,0,False,0,0,0,100,0,place_mid,1頭
2026-06-21,202655062102,Bー5組,1勝以下,フェルサイト,9,98.4,オレノアイバ,3,89.7,デッドフレイ,7,88.7,オレノアイバ,3,フェルサイト,9,ヴィアトル,1,True,False,0,False,0,False,0,0,0,900,540,multi_horse,10頭
2026-06-21,202665062101,やんちゃな彗生くんカップ,1勝以下,ダイコウシン,6,42.4,コーチャンファスト,9,38.7,パワークレオパトラ,7,36.3,ジェイアンナ,8,ダイコウシン,6,パワークレオパトラ,7,True,False,0,False,0,False,0,0,0,200,120,place_mid,2頭
2026-06-21,202665062102,ジャガイモン15周年記念(2歳),1勝以下,イワキファンファン,4,32.4,スーパーメジャー,5,31.7,ハニーライデン,6,31.4,ハオ,9,ミスターボブオ,7,シャインクィーン,2,False,False,0,False,0,False,0,0,0,200,0,place_mid,2頭
2026-06-21,202665062103,壮太の大学合格記念(2歳),1勝以下,ホクセイスピカ,5,33.1,レガシーブラック,4,32.0,ジェイノダイジン,3,31.2,フジゴーリキ,9,ジェイノダイジン,3,キョウエイムサシ,7,False,False,0,False,0,False,0,0,0,200,0,place_mid,2頭
2026-06-21,202636062107,3歳C2一組,1勝以下,アイビーキラリ,12,99.7,アメジストブルー,10,99.0,ウチュウノハナ,9,78.1,マルケイファイン,7,ラヴレインブーケ,4,アイビーキラリ,12,True,False,0,False,0,False,0,0,0,900,0,multi_horse,12頭
2026-06-21,202636062108,祝30周年!SPAT4賞(C1),1勝以下,ヤマト,5,85.3,ライコウノヒカリ,6,84.0,ボンジュルネ,4,75.1,リリアナフェアリー,9,ライコウノヒカリ,6,ベルベストランナー,1,False,False,0,False,0,False,0,0,0,100,140,place_mid,1頭
2026-06-21,202636062109,岩手県政150周年記念賞(C1),1勝以下,シアトルプリンセス,9,98.6,ハクシンマルペンサ,1,63.2,ゴールドハーディス,4,41.7,シアトルプリンセス,9,ゴールドハーディス,4,ハクシンマルペンサ,1,True,False,0,False,0,False,0,0,0,100,190,place_mid,1頭
2026-06-21,202636062110,ディセントラ賞(C1),1勝以下,キタノコンドル,1,97.1,ハツナギ,12,88.5,ラヴェイ,4,63.9,ラヴェイ,4,メイショウメイスイ,6,キタノコンドル,1,True,False,0,False,0,False,0,0,0,900,1230,multi_horse,12頭
2026-06-21,202654062101,3歳ー7,1勝以下,ウィシェフ,4,92.9,クレインヴォイス,6,79.4,オーケートムボーイ,8,34.7,ノクスパーピリオ,9,オーケートムボーイ,8,オグナ,10,False,False,0,False,0,False,0,0,0,100,0,place_mid,1頭
2026-06-21,202654062102,3歳ー6,1勝以下,ランツェンライター,4,82.8,ツイスティドシルク,3,74.1,スリーマドンナ,8,71.3,ツイスティドシルク,3,ランツェンライター,4,ロイヤルサウンダ,11,True,False,0,False,0,False,0,0,0,900,480,multi_horse,12頭
2026-06-21,202654062103,3歳ー5,1勝以下,シティプロスパー,9,100.0,レンジシ,11,86.8,メイショウゴウケツ,7,69.6,シティプロスパー,9,ユイノナナフシギ,1,メイショウゴウケツ,7,True,False,0,False,0,False,0,0,0,100,0,place_mid,1頭
2026-06-21,202654062104,3歳ー4,1勝以下,バリキング,6,100.0,ナイトスナイパー,3,66.2,クレセントゴールド,7,61.2,バリキング,6,ナイトスナイパー,3,トサノセレナーデ,10,True,False,0,False,0,False,0,0,0,100,200,place_mid,1頭
2026-06-21,202655062103,Bー4組,1勝以下,テイエムタワードン,6,100.0,フランシナテソーロ,8,96.1,エベリンテソーロ,4,60.1,フランシナテソーロ,8,テイエムタワードン,6,ダバイシュクレ,7,True,False,0,False,0,False,0,0,0,900,360,multi_horse,9頭
2026-06-21,202655062104,C2ー8組,1勝以下,アサガクル,8,87.6,ノイエムジーク,10,84.2,クロゴウ,4,81.8,ノイエムジーク,10,アサガクル,8,クイーンパレス,7,True,False,0,False,0,False,0,0,0,900,780,multi_horse,11頭
2026-06-21,202655062105,C2ー7組,1勝以下,ワンダービジブル,2,99.9,グリームスター,3,99.5,メジャーラッシュ,5,85.7,ワンダービジブル,2,エスプラネード,1,グリームスター,3,True,False,0,False,0,False,0,0,0,900,420,multi_horse,12頭
2026-06-21,202665062104,春瀬なつみ生誕なぴかわ杯7,1勝以下,アアモンドアノン,4,47.6,パワーシンデレラ,8,42.5,イワキロマン,6,38.8,ホンマル,2,イワキハルヒメ,9,パワーシンデレラ,8,False,False,0,False,0,False,0,0,0,200,110,place_mid,2頭
2026-06-21,202665062105,うっまちゃんおたおめ記念,1勝以下,サトノブレイカー,5,52.0,アオノメビウス,4,52.5,ジェイノヒメ,2,40.4,スターメジャー,3,アオノメビウス,4,サトノブレイカー,5,True,False,0,False,0,False,0,0,0,200,390,place_mid,2頭
2026-06-21,202665062106,酒井一圭51歳生誕記念(2歳),1勝以下,アンズティエルナ,4,34.1,ドウナンリュウホオ,8,35.0,ニシオギオリジン,5,34.2,ドウナンリュウホオ,8,ニシオギオリジン,5,ホクセイワッショイ,7,False,False,0,False,0,False,0,0,0,200,250,place_mid,2頭
2026-06-21,202636062111,一條記念みちのく大賞典(クリソベ重賞,1勝以下,ヒロシクン,4,95.4,ラッキードリーム,10,87.1,リケアカプチーノ,9,67.2,リケアカプチーノ,9,ライアン,7,ヒロシクン,4,True,False,0,False,0,False,0,0,0,900,810,multi_horse,10頭
2026-06-21,202654062105,AB混合,1勝以下,メイショウヨンク,6,87.5,プレイサーゴールド,7,87.2,セイウンガレオン,2,58.7,プレイサーゴールド,7,ウインアウォード,3,ラプラス,4,False,False,0,False,0,False,0,0,0,900,0,multi_horse,9頭
2026-06-21,202654062106,C3ー12,1勝以下,フランスゴデイナ,9,100.0,スクーバー,3,99.6,レリッシュ,6,92.8,イーサンバーニング,4,フランスゴデイナ,9,スクーバー,3,True,False,0,False,0,False,0,0,0,900,330,multi_horse,9頭
2026-06-21,202654062107,C3ー11,1勝以下,ガーデンプランナー,5,97.8,ペイシャニット,4,97.9,フォトスフィア,1,84.4,フォトスフィア,1,ガーデンプランナー,5,ペイシャニット,4,True,False,0,False,0,False,0,0,0,900,2190,multi_horse,11頭
2026-06-21,202655062106,吉野ヶ里記念重賞,1勝以下,メイショウアイク,5,82.8,ロードミッドナイト,1,62.8,フェブキラナ,3,58.1,ツークフォーゲル,2,メイショウアイク,5,ラウダーティオ,8,True,False,0,False,0,False,0,0,0,900,0,multi_horse,11頭
2026-06-21,202655062107,UMATENA賞(C2),1勝以下,レインチェック,9,79.0,アルディオール,5,75.3,アデニウム,6,71.3,アルディオール,5,アデニウム,6,エメラルドシティー,4,False,False,0,False,0,False,0,0,0,100,130,place_mid,1頭
2026-06-21,202655062108,シルクジャスミン賞(C1),1勝以下,レジェンド,1,99.5,ウィズプライド,2,96.4,リヴァイデント,5,78.3,ウィズプライド,2,リヴァイデント,5,レジェンド,1,True,False,0,False,0,False,0,0,0,900,1350,multi_horse,9頭
2026-06-21,202655062109,父の日賞(C1),1勝以下,バロックパール,4,96.9,アニラ,7,86.6,スペシャルホリデー,2,58.6,スペシャルホリデー,2,ナムラカメジロー,11,カシノメンコチャン,9,False,False,0,False,0,False,0,0,0,900,0,multi_horse,12頭
2026-06-21,202665062107,風輪翔司今年も飛躍だ生誕祭,1勝以下,マオノウンカイ,8,46.0,ミスキャップ,3,43.9,イワキマッシグラ,4,40.2,ジェイノミキ,1,イワキマッシグラ,4,タカラオー,5,False,False,0,False,0,False,0,0,0,200,0,place_mid,2頭
2026-06-21,202665062108,りこ!今度こそ付き合って!,1勝以下,ゴールドチップ,6,45.5,マゴ,8,41.5,サカノキンショウ,3,39.4,ジェイサンダー,2,クレインテイオウ,10,フクフクライデン,4,False,False,0,False,0,False,0,0,0,200,0,place_mid,2頭
2026-06-21,202665062109,チュベロ結成1周年記念杯,1勝以下,ツルイミツサクラ,10,52.7,ホクセイビックボス,8,38.6,オニヨリツヨイ,2,37.9,ツルイミツサクラ,10,ドウナンカツユウホ,4,カミホロナデシコ,3,True,False,0,False,0,False,0,0,0,200,160,place_mid,2頭
2026-06-21,202665062110,第25回安藤博・麻美銀婚杯,1勝以下,ヤマノブラウン,5,52.4,アグリホープ,6,41.8,トマランサカミカゼ,8,42.2,ヤマノブラウン,5,ビックコンボ,7,ショコラペガサス,10,True,False,0,False,0,False,0,0,0,200,270,place_mid,2頭
2026-06-21,202654062110,ファイナルレース(C3),1勝以下,リワードパシオン,11,89.5,セントキルダ,10,81.4,ペイシャブギー,12,51.3,セントキルダ,10,ハプスブルグ,6,エレガントウインク,9,False,False,0,False,0,False,0,0,0,100,0,place_mid,1頭
2026-06-21,202655062110,ジェイド特選(C1),1勝以下,セーデルマンランド,5,99.9,ドラゴンバスター,9,67.6,アーチーテソーロ,7,63.9,アスタイクウス,8,セーデルマンランド,5,ドラゴンバスター,9,True,False,0,False,0,False,0,0,0,100,130,place_mid,1頭
2026-06-21,202655062111,SAGAリベンジャーズ(3歳),1勝以下,ショウサンカナヲ,11,99.7,イソダ,10,99.2,コリアンダーアイ,8,79.0,ショウサンカナヲ,11,イソダ,10,リュウノプティ,6,True,False,0,False,0,False,0,0,0,900,570,multi_horse,11頭
2026-06-21,202665062111,天の川特別,1勝以下,カイセドクター,4,48.0,アオノソルテ,6,45.0,ジェイヒーロー,9,40.4,シルバーアロイ,2,ゼン,7,ジェイヒーロー,9,False,False,0,False,0,False,0,0,0,200,0,place_mid,2頭
2026-06-21,202665062112,B3ー1,1勝以下,ジェイエクスプレス,4,37.5,ホクショウサクラ,5,33.1,マオノダイマオー,7,32.9,ジェイエクスプレス,4,ホクセイレクサス,3,エクレール,6,True,False,0,False,0,False,0,0,0,200,220,place_mid,2頭
2026-06-22,202636062201,C2,1勝以下,オーロプロサングエ,4,100.0,コウバイ,5,79.3,ゴーゴーオンリー,3,68.7,ゴーゴーオンリー,3,コウバイ,5,レイズルノワール,9,False,False,0,False,0,False,0,0,0,100,210,place_mid,1頭
2026-06-22,202636062202,C2,1勝以下,シベリアンデネブ,9,98.1,デスロール,4,76.7,キタノロワーズ,1,55.8,シベリアンデネブ,9,グレコ,7,ミツカネスコーピオ,3,True,False,0,False,0,False,0,0,0,100,0,place_mid,1頭
2026-06-22,202636062203,C2六組,1勝以下,フォルテッシモダイ,7,91.8,レモンスフレ,8,88.8,クインズミラ,3,62.7,フォルテッシモダイ,7,レモンスフレ,8,フジサンワイシーシ,2,True,False,0,False,0,False,0,0,0,900,810,multi_horse,10頭
2026-06-22,202636062204,C2五組,1勝以下,グディカンワル,9,99.9,ロッサヴィール,6,88.3,ニシノタマユラ,7,72.9,バスターショット,10,ロッサヴィール,6,トレベルフィーユ,2,False,False,0,False,0,False,0,0,0,100,230,place_mid,1頭
2026-06-22,202636062205,C2四組,1勝以下,リュウノバデン,6,98.7,ネイビス,2,96.7,カレンザブーケ,8,43.8,カレンザブーケ,8,パラジウムリボン,5,ネイビス,2,False,False,0,False,0,False,0,0,0,900,870,multi_horse,10頭
2026-06-22,202642062201,埼玉シリーズ開幕賞(C3),1勝以下,ヒロシゲクリスタル,3,100.0,メイワシェリー,1,99.9,ゴールドボード,2,40.1,メイワシェリー,1,ヒロシゲクリスタル,3,クラダイリン,6,True,False,0,False,0,False,0,1000,0,1000,0,,
2026-06-22,202646062201,愛☆日本一のウマ男祝ってもいーのおっけい(C1特別),1勝以下,インターシア,7,86.6,ミテクレコノアシ,6,78.5,ミラコロヴァーグ,3,77.5,ミラコロヴァーグ,3,モノクロームスター,8,インターシア,7,True,False,0,False,0,False,0,0,0,100,0,place_mid,1頭
2026-06-22,202646062202,ダッシュダッシュいのちゃん!年男カーン杯(C1特別),1勝以下,ピカピカピロコ,9,100.0,ジューンサレンダー,2,89.2,ペダンクルアーチ,6,59.3,ピカピカピロコ,9,ロケットバディー,4,マイネルジュリアン,8,True,False,0,False,0,False,0,0,0,900,0,multi_horse,11頭
2026-06-22,202646062203,いのちゃん@36歳年男☆みんなでかん杯(C1特別),1勝以下,ミュークレグルス,2,79.3,ダフニス,9,77.9,アンダーレ,5,72.7,ランドシュール,7,アンダーレ,5,ダフニス,9,False,False,0,False,0,False,0,0,0,200,130,place_mid,2頭
